code;product_key;used_by;used_at;notes
FLASH-FA-2ELL;flash_astral;;;batch_2025-12
FLASH-FA-2NUV;flash_astral;;;batch_2025-12
FLASH-FA-2XKV;flash_astral;;;batch_2025-12
FLASH-FA-34UL;flash_astral;;;batch_2025-12
FLASH-FA-36SR;flash_astral;;;batch_2025-12
FLASH-FA-3HQW;flash_astral;;;batch_2025-12
FLASH-FA-3RY5;flash_astral;;;batch_2025-12
FLASH-FA-3VUW;flash_astral;;;batch_2025-12
FLASH-FA-3Y5R;flash_astral;;;batch_2025-12
FLASH-FA-4A4U;flash_astral;;;batch_2025-12
FLASH-FA-4ABW;flash_astral;;;batch_2025-12
FLASH-FA-4C4F;flash_astral;;;batch_2025-12
FLASH-FA-4CBL;flash_astral;;;batch_2025-12
FLASH-FA-4EYT;flash_astral;;;batch_2025-12
FLASH-FA-4QJS;flash_astral;;;batch_2025-12
FLASH-FA-4S4W;flash_astral;;;batch_2025-12
FLASH-FA-4TMN;flash_astral;;;batch_2025-12
FLASH-FA-4UMX;flash_astral;;;batch_2025-12
FLASH-FA-58KZ;flash_astral;;;batch_2025-12
FLASH-FA-5FCK;flash_astral;;;batch_2025-12
FLASH-FA-5R54;flash_astral;;;batch_2025-12
FLASH-FA-5XD5;flash_astral;;;batch_2025-12
FLASH-FA-632W;flash_astral;;;batch_2025-12
FLASH-FA-6798;flash_astral;;;batch_2025-12
FLASH-FA-6J24;flash_astral;;;batch_2025-12
FLASH-FA-6JLB;flash_astral;;;batch_2025-12
FLASH-FA-6URZ;flash_astral;;;batch_2025-12
FLASH-FA-6YLC;flash_astral;;;batch_2025-12
FLASH-FA-77UM;flash_astral;;;batch_2025-12
FLASH-FA-78EY;flash_astral;;;batch_2025-12
FLASH-FA-79DT;flash_astral;;;batch_2025-12
FLASH-FA-7KBM;flash_astral;;;batch_2025-12
FLASH-FA-7M7X;flash_astral;;;batch_2025-12
FLASH-FA-7VL6;flash_astral;;;batch_2025-12
FLASH-FA-88FK;flash_astral;;;batch_2025-12
FLASH-FA-8J8R;flash_astral;;;batch_2025-12
FLASH-FA-8QHQ;flash_astral;;;batch_2025-12
FLASH-FA-8XC9;flash_astral;;;batch_2025-12
FLASH-FA-994V;flash_astral;;;batch_2025-12
FLASH-FA-9GLN;flash_astral;;;batch_2025-12
FLASH-FA-9P3A;flash_astral;;;batch_2025-12
FLASH-FA-9ZGR;flash_astral;;;batch_2025-12
FLASH-FA-A44K;flash_astral;;;batch_2025-12
FLASH-FA-AC24;flash_astral;;;batch_2025-12
FLASH-FA-ATW7;flash_astral;;;batch_2025-12
FLASH-FA-B7JM;flash_astral;;;batch_2025-12
FLASH-FA-BELF;flash_astral;;;batch_2025-12
FLASH-FA-BHXY;flash_astral;;;batch_2025-12
FLASH-FA-BMKR;flash_astral;;;batch_2025-12
FLASH-FA-BVRL;flash_astral;;;batch_2025-12
FLASH-FA-BX9A;flash_astral;;;batch_2025-12
FLASH-FA-C6BZ;flash_astral;;;batch_2025-12
FLASH-FA-CFSD;flash_astral;;;batch_2025-12
FLASH-FA-CFSZ;flash_astral;;;batch_2025-12
FLASH-FA-CJ5M;flash_astral;;;batch_2025-12
FLASH-FA-CLMT;flash_astral;;;batch_2025-12
FLASH-FA-CSTY;flash_astral;;;batch_2025-12
FLASH-FA-D26V;flash_astral;;;batch_2025-12
FLASH-FA-D3WD;flash_astral;;;batch_2025-12
FLASH-FA-D83U;flash_astral;;;batch_2025-12
FLASH-FA-DEXP;flash_astral;;;batch_2025-12
FLASH-FA-EB3L;flash_astral;;;batch_2025-12
FLASH-FA-EE8Z;flash_astral;;;batch_2025-12
FLASH-FA-EXCU;flash_astral;;;batch_2025-12
FLASH-FA-EXL3;flash_astral;;;batch_2025-12
FLASH-FA-EXWL;flash_astral;;;batch_2025-12
FLASH-FA-F3MQ;flash_astral;;;batch_2025-12
FLASH-FA-FEJX;flash_astral;;;batch_2025-12
FLASH-FA-FKRU;flash_astral;;;batch_2025-12
FLASH-FA-FLCR;flash_astral;;;batch_2025-12
FLASH-FA-FMPV;flash_astral;;;batch_2025-12
FLASH-FA-FUJ6;flash_astral;;;batch_2025-12
FLASH-FA-G3QK;flash_astral;;;batch_2025-12
FLASH-FA-G4MJ;flash_astral;;;batch_2025-12
FLASH-FA-G5D4;flash_astral;;;batch_2025-12
FLASH-FA-G6UQ;flash_astral;;;batch_2025-12
FLASH-FA-G88X;flash_astral;;;batch_2025-12
FLASH-FA-GBSK;flash_astral;;;batch_2025-12
FLASH-FA-GDY4;flash_astral;;;batch_2025-12
FLASH-FA-GKZR;flash_astral;;;batch_2025-12
FLASH-FA-GTJB;flash_astral;;;batch_2025-12
FLASH-FA-GVNY;flash_astral;;;batch_2025-12
FLASH-FA-GX45;flash_astral;;;batch_2025-12
FLASH-FA-GZK6;flash_astral;;;batch_2025-12
FLASH-FA-H549;flash_astral;;;batch_2025-12
FLASH-FA-H72U;flash_astral;;;batch_2025-12
FLASH-FA-HHTN;flash_astral;;;batch_2025-12
FLASH-FA-HM5C;flash_astral;;;batch_2025-12
FLASH-FA-HM92;flash_astral;;;batch_2025-12
FLASH-FA-HRQN;flash_astral;;;batch_2025-12
FLASH-FA-HSCY;flash_astral;;;batch_2025-12
FLASH-FA-HVVF;flash_astral;;;batch_2025-12
FLASH-FA-HVXA;flash_astral;;;batch_2025-12
FLASH-FA-HW47;flash_astral;;;batch_2025-12
FLASH-FA-HW5A;flash_astral;;;batch_2025-12
FLASH-FA-J2SD;flash_astral;;;batch_2025-12
FLASH-FA-J5A9;flash_astral;;;batch_2025-12
FLASH-FA-JH63;flash_astral;;;batch_2025-12
FLASH-FA-JHU6;flash_astral;;;batch_2025-12
FLASH-FA-JJFG;flash_astral;;;batch_2025-12
FLASH-FA-JMH2;flash_astral;;;batch_2025-12
FLASH-FA-JT46;flash_astral;;;batch_2025-12
FLASH-FA-K5NR;flash_astral;;;batch_2025-12
FLASH-FA-K5QA;flash_astral;;;batch_2025-12
FLASH-FA-KHA4;flash_astral;;;batch_2025-12
FLASH-FA-KP5J;flash_astral;;;batch_2025-12
FLASH-FA-KSUT;flash_astral;;;batch_2025-12
FLASH-FA-L6ZS;flash_astral;;;batch_2025-12
FLASH-FA-L7VX;flash_astral;;;batch_2025-12
FLASH-FA-L8M3;flash_astral;;;batch_2025-12
FLASH-FA-L9TQ;flash_astral;;;batch_2025-12
FLASH-FA-LE6D;flash_astral;;;batch_2025-12
FLASH-FA-LJSM;flash_astral;;;batch_2025-12
FLASH-FA-LTDT;flash_astral;;;batch_2025-12
FLASH-FA-LZXZ;flash_astral;;;batch_2025-12
FLASH-FA-M7UD;flash_astral;;;batch_2025-12
FLASH-FA-M9Y3;flash_astral;;;batch_2025-12
FLASH-FA-MAXT;flash_astral;;;batch_2025-12
FLASH-FA-MKVV;flash_astral;;;batch_2025-12
FLASH-FA-MQAJ;flash_astral;;;batch_2025-12
FLASH-FA-MXKQ;flash_astral;;;batch_2025-12
FLASH-FA-N9SV;flash_astral;;;batch_2025-12
FLASH-FA-N9V7;flash_astral;;;batch_2025-12
FLASH-FA-NRWD;flash_astral;;;batch_2025-12
FLASH-FA-NTFE;flash_astral;;;batch_2025-12
FLASH-FA-NU7C;flash_astral;;;batch_2025-12
FLASH-FA-NXLS;flash_astral;;;batch_2025-12
FLASH-FA-P3DL;flash_astral;;;batch_2025-12
FLASH-FA-P3TH;flash_astral;;;batch_2025-12
FLASH-FA-P5RE;flash_astral;;;batch_2025-12
FLASH-FA-P6LM;flash_astral;;;batch_2025-12
FLASH-FA-P8L8;flash_astral;;;batch_2025-12
FLASH-FA-PAKR;flash_astral;;;batch_2025-12
FLASH-FA-PBEH;flash_astral;;;batch_2025-12
FLASH-FA-PCJJ;flash_astral;;;batch_2025-12
FLASH-FA-PERY;flash_astral;;;batch_2025-12
FLASH-FA-PHMA;flash_astral;;;batch_2025-12
FLASH-FA-PKE8;flash_astral;;;batch_2025-12
FLASH-FA-PKRM;flash_astral;;;batch_2025-12
FLASH-FA-PPAT;flash_astral;;;batch_2025-12
FLASH-FA-PPKR;flash_astral;;;batch_2025-12
FLASH-FA-PR2Q;flash_astral;;;batch_2025-12
FLASH-FA-PT8V;flash_astral;;;batch_2025-12
FLASH-FA-QF5B;flash_astral;;;batch_2025-12
FLASH-FA-QK6N;flash_astral;;;batch_2025-12
FLASH-FA-QPX9;flash_astral;;;batch_2025-12
FLASH-FA-QUFF;flash_astral;;;batch_2025-12
FLASH-FA-QWE9;flash_astral;;;batch_2025-12
FLASH-FA-RCCQ;flash_astral;;;batch_2025-12
FLASH-FA-RFXG;flash_astral;;;batch_2025-12
FLASH-FA-RKPS;flash_astral;;;batch_2025-12
FLASH-FA-S4XW;flash_astral;;;batch_2025-12
FLASH-FA-SBSM;flash_astral;;;batch_2025-12
FLASH-FA-SFRD;flash_astral;;;batch_2025-12
FLASH-FA-SGQW;flash_astral;;;batch_2025-12
FLASH-FA-SHD9;flash_astral;;;batch_2025-12
FLASH-FA-SKV4;flash_astral;;;batch_2025-12
FLASH-FA-SLN6;flash_astral;;;batch_2025-12
FLASH-FA-SLWJ;flash_astral;;;batch_2025-12
FLASH-FA-SQ5N;flash_astral;;;batch_2025-12
FLASH-FA-T47R;flash_astral;;;batch_2025-12
FLASH-FA-TC9C;flash_astral;;;batch_2025-12
FLASH-FA-TF7G;flash_astral;;;batch_2025-12
FLASH-FA-TN3G;flash_astral;;;batch_2025-12
FLASH-FA-TPXG;flash_astral;;;batch_2025-12
FLASH-FA-U2F2;flash_astral;;;batch_2025-12
FLASH-FA-UDZP;flash_astral;;;batch_2025-12
FLASH-FA-UEMT;flash_astral;;;batch_2025-12
FLASH-FA-UFXU;flash_astral;;;batch_2025-12
FLASH-FA-UGJ5;flash_astral;;;batch_2025-12
FLASH-FA-UY6K;flash_astral;;;batch_2025-12
FLASH-FA-UZPZ;flash_astral;;;batch_2025-12
FLASH-FA-V4ZV;flash_astral;;;batch_2025-12
FLASH-FA-VA79;flash_astral;;;batch_2025-12
FLASH-FA-VATJ;flash_astral;;;batch_2025-12
FLASH-FA-VCKS;flash_astral;;;batch_2025-12
FLASH-FA-VDQS;flash_astral;;;batch_2025-12
FLASH-FA-VEUH;flash_astral;;;batch_2025-12
FLASH-FA-VNQ7;flash_astral;;;batch_2025-12
FLASH-FA-VZH9;flash_astral;;;batch_2025-12
FLASH-FA-W92F;flash_astral;;;batch_2025-12
FLASH-FA-WERD;flash_astral;;;batch_2025-12
FLASH-FA-WFCA;flash_astral;;;batch_2025-12
FLASH-FA-WX2E;flash_astral;;;batch_2025-12
FLASH-FA-XDTT;flash_astral;;;batch_2025-12
FLASH-FA-XU7K;flash_astral;;;batch_2025-12
FLASH-FA-YAXB;flash_astral;;;batch_2025-12
FLASH-FA-YPUV;flash_astral;;;batch_2025-12
FLASH-FA-YPYR;flash_astral;;;batch_2025-12
FLASH-FA-YRX9;flash_astral;;;batch_2025-12
FLASH-FA-YSAY;flash_astral;;;batch_2025-12
FLASH-FA-YYRH;flash_astral;;;batch_2025-12
FLASH-FA-YZFL;flash_astral;;;batch_2025-12
FLASH-FA-Z3RP;flash_astral;;;batch_2025-12
FLASH-FA-Z8KD;flash_astral;;;batch_2025-12
FLASH-FA-Z92Y;flash_astral;;;batch_2025-12
FLASH-FA-ZENC;flash_astral;;;batch_2025-12
FLASH-FA-ZGSM;flash_astral;;;batch_2025-12
FLASH-FA-ZW74;flash_astral;;;batch_2025-12
FLASH-FA-ZWEQ;flash_astral;;;batch_2025-12
ESSENCE-PE-23LW;pack_essence;;;batch_2025-12
ESSENCE-PE-2GAT;pack_essence;;;batch_2025-12
ESSENCE-PE-38F8;pack_essence;;;batch_2025-12
ESSENCE-PE-3UDQ;pack_essence;;;batch_2025-12
ESSENCE-PE-48BW;pack_essence;;;batch_2025-12
ESSENCE-PE-4PMN;pack_essence;;;batch_2025-12
ESSENCE-PE-4SS2;pack_essence;;;batch_2025-12
ESSENCE-PE-4XUQ;pack_essence;;;batch_2025-12
ESSENCE-PE-59FE;pack_essence;;;batch_2025-12
ESSENCE-PE-5MX7;pack_essence;;;batch_2025-12
ESSENCE-PE-5PT2;pack_essence;;;batch_2025-12
ESSENCE-PE-6HYH;pack_essence;;;batch_2025-12
ESSENCE-PE-6MQX;pack_essence;;;batch_2025-12
ESSENCE-PE-784J;pack_essence;;;batch_2025-12
ESSENCE-PE-8R3T;pack_essence;;;batch_2025-12
ESSENCE-PE-8YW6;pack_essence;;;batch_2025-12
ESSENCE-PE-93BE;pack_essence;;;batch_2025-12
ESSENCE-PE-97GC;pack_essence;;;batch_2025-12
ESSENCE-PE-9UMP;pack_essence;;;batch_2025-12
ESSENCE-PE-A3UD;pack_essence;;;batch_2025-12
ESSENCE-PE-A6P6;pack_essence;;;batch_2025-12
ESSENCE-PE-A8FH;pack_essence;;;batch_2025-12
ESSENCE-PE-A8Q5;pack_essence;;;batch_2025-12
ESSENCE-PE-BHWA;pack_essence;;;batch_2025-12
ESSENCE-PE-CJ2M;pack_essence;;;batch_2025-12
ESSENCE-PE-CJX8;pack_essence;;;batch_2025-12
ESSENCE-PE-CW63;pack_essence;;;batch_2025-12
ESSENCE-PE-D3CA;pack_essence;;;batch_2025-12
ESSENCE-PE-DAQU;pack_essence;;;batch_2025-12
ESSENCE-PE-DEKU;pack_essence;;;batch_2025-12
ESSENCE-PE-E228;pack_essence;;;batch_2025-12
ESSENCE-PE-E6AE;pack_essence;;;batch_2025-12
ESSENCE-PE-E72N;pack_essence;;;batch_2025-12
ESSENCE-PE-ED55;pack_essence;;;batch_2025-12
ESSENCE-PE-EW4Z;pack_essence;;;batch_2025-12
ESSENCE-PE-G5G2;pack_essence;;;batch_2025-12
ESSENCE-PE-G5ZP;pack_essence;;;batch_2025-12
ESSENCE-PE-H24P;pack_essence;;;batch_2025-12
ESSENCE-PE-H83Y;pack_essence;;;batch_2025-12
ESSENCE-PE-HJE2;pack_essence;;;batch_2025-12
ESSENCE-PE-HV8D;pack_essence;;;batch_2025-12
ESSENCE-PE-JT7G;pack_essence;;;batch_2025-12
ESSENCE-PE-K5EE;pack_essence;;;batch_2025-12
ESSENCE-PE-KLE9;pack_essence;;;batch_2025-12
ESSENCE-PE-KNJD;pack_essence;;;batch_2025-12
ESSENCE-PE-KURF;pack_essence;;;batch_2025-12
ESSENCE-PE-KWRH;pack_essence;;;batch_2025-12
ESSENCE-PE-L6DF;pack_essence;;;batch_2025-12
ESSENCE-PE-LFME;pack_essence;;;batch_2025-12
ESSENCE-PE-LMD5;pack_essence;;;batch_2025-12
ESSENCE-PE-LQGN;pack_essence;;;batch_2025-12
ESSENCE-PE-MS68;pack_essence;;;batch_2025-12
ESSENCE-PE-P65C;pack_essence;;;batch_2025-12
ESSENCE-PE-PB5S;pack_essence;;;batch_2025-12
ESSENCE-PE-PN5Z;pack_essence;;;batch_2025-12
ESSENCE-PE-PURT;pack_essence;;;batch_2025-12
ESSENCE-PE-QFRD;pack_essence;;;batch_2025-12
ESSENCE-PE-RCXK;pack_essence;;;batch_2025-12
ESSENCE-PE-RNJD;pack_essence;;;batch_2025-12
ESSENCE-PE-RPHX;pack_essence;;;batch_2025-12
ESSENCE-PE-RTSA;pack_essence;;;batch_2025-12
ESSENCE-PE-RURD;pack_essence;;;batch_2025-12
ESSENCE-PE-S948;pack_essence;;;batch_2025-12
ESSENCE-PE-SFF2;pack_essence;;;batch_2025-12
ESSENCE-PE-SH4B;pack_essence;;;batch_2025-12
ESSENCE-PE-SKWD;pack_essence;;;batch_2025-12
ESSENCE-PE-TXCZ;pack_essence;;;batch_2025-12
ESSENCE-PE-U8L3;pack_essence;;;batch_2025-12
ESSENCE-PE-V23J;pack_essence;;;batch_2025-12
ESSENCE-PE-V2UH;pack_essence;;;batch_2025-12
ESSENCE-PE-VMMC;pack_essence;;;batch_2025-12
ESSENCE-PE-VW5E;pack_essence;;;batch_2025-12
ESSENCE-PE-WDP7;pack_essence;;;batch_2025-12
ESSENCE-PE-WYB9;pack_essence;;;batch_2025-12
ESSENCE-PE-XD8A;pack_essence;;;batch_2025-12
ESSENCE-PE-XKUC;pack_essence;;;batch_2025-12
ESSENCE-PE-XWDC;pack_essence;;;batch_2025-12
ESSENCE-PE-Y9H5;pack_essence;;;batch_2025-12
ESSENCE-PE-ZDBW;pack_essence;;;batch_2025-12
ESSENCE-PE-ZEQK;pack_essence;;;batch_2025-12
AMOUR-PA-2JUC;profil_amoureux;;;batch_2025-12
AMOUR-PA-2NFB;profil_amoureux;;;batch_2025-12
AMOUR-PA-2SUM;profil_amoureux;;;batch_2025-12
AMOUR-PA-2YTS;profil_amoureux;;;batch_2025-12
AMOUR-PA-36XS;profil_amoureux;;;batch_2025-12
AMOUR-PA-39U6;profil_amoureux;;;batch_2025-12
AMOUR-PA-39XS;profil_amoureux;;;batch_2025-12
AMOUR-PA-3MEF;profil_amoureux;;;batch_2025-12
AMOUR-PA-488G;profil_amoureux;;;batch_2025-12
AMOUR-PA-4FUP;profil_amoureux;;;batch_2025-12
AMOUR-PA-4HCB;profil_amoureux;;;batch_2025-12
AMOUR-PA-5HQW;profil_amoureux;;;batch_2025-12
AMOUR-PA-5KVP;profil_amoureux;;;batch_2025-12
AMOUR-PA-5LGD;profil_amoureux;;;batch_2025-12
AMOUR-PA-6EJL;profil_amoureux;;;batch_2025-12
AMOUR-PA-6JUW;profil_amoureux;;;batch_2025-12
AMOUR-PA-79X3;profil_amoureux;;;batch_2025-12
AMOUR-PA-7JY3;profil_amoureux;;;batch_2025-12
AMOUR-PA-7LYV;profil_amoureux;;;batch_2025-12
AMOUR-PA-7SAC;profil_amoureux;;;batch_2025-12
AMOUR-PA-7XES;profil_amoureux;;;batch_2025-12
AMOUR-PA-7ZFD;profil_amoureux;;;batch_2025-12
AMOUR-PA-83HN;profil_amoureux;;;batch_2025-12
AMOUR-PA-83ME;profil_amoureux;;;batch_2025-12
AMOUR-PA-892L;profil_amoureux;;;batch_2025-12
AMOUR-PA-8D4R;profil_amoureux;;;batch_2025-12
AMOUR-PA-8LGE;profil_amoureux;;;batch_2025-12
AMOUR-PA-8RQJ;profil_amoureux;;;batch_2025-12
AMOUR-PA-99DV;profil_amoureux;;;batch_2025-12
AMOUR-PA-9FL5;profil_amoureux;;;batch_2025-12
AMOUR-PA-9M6A;profil_amoureux;;;batch_2025-12
AMOUR-PA-9RTR;profil_amoureux;;;batch_2025-12
AMOUR-PA-9X6D;profil_amoureux;;;batch_2025-12
AMOUR-PA-ACVY;profil_amoureux;;;batch_2025-12
AMOUR-PA-AQTA;profil_amoureux;;;batch_2025-12
AMOUR-PA-ASP9;profil_amoureux;;;batch_2025-12
AMOUR-PA-AUE9;profil_amoureux;;;batch_2025-12
AMOUR-PA-BDG2;profil_amoureux;;;batch_2025-12
AMOUR-PA-BPFK;profil_amoureux;;;batch_2025-12
AMOUR-PA-BZE3;profil_amoureux;;;batch_2025-12
AMOUR-PA-C4TL;profil_amoureux;;;batch_2025-12
AMOUR-PA-CSXR;profil_amoureux;;;batch_2025-12
AMOUR-PA-CWMN;profil_amoureux;;;batch_2025-12
AMOUR-PA-D23Z;profil_amoureux;;;batch_2025-12
AMOUR-PA-DDAJ;profil_amoureux;;;batch_2025-12
AMOUR-PA-DFTV;profil_amoureux;;;batch_2025-12
AMOUR-PA-DRGR;profil_amoureux;;;batch_2025-12
AMOUR-PA-DV7A;profil_amoureux;;;batch_2025-12
AMOUR-PA-DW5G;profil_amoureux;;;batch_2025-12
AMOUR-PA-EC9T;profil_amoureux;;;batch_2025-12
AMOUR-PA-EES6;profil_amoureux;;;batch_2025-12
AMOUR-PA-ERZL;profil_amoureux;;;batch_2025-12
AMOUR-PA-ESGS;profil_amoureux;;;batch_2025-12
AMOUR-PA-FM68;profil_amoureux;;;batch_2025-12
AMOUR-PA-G2HW;profil_amoureux;;;batch_2025-12
AMOUR-PA-GED8;profil_amoureux;;;batch_2025-12
AMOUR-PA-GETZ;profil_amoureux;;;batch_2025-12
AMOUR-PA-H53N;profil_amoureux;;;batch_2025-12
AMOUR-PA-H57W;profil_amoureux;;;batch_2025-12
AMOUR-PA-HKTX;profil_amoureux;;;batch_2025-12
AMOUR-PA-HVM8;profil_amoureux;;;batch_2025-12
AMOUR-PA-JG49;profil_amoureux;;;batch_2025-12
AMOUR-PA-JP8X;profil_amoureux;;;batch_2025-12
AMOUR-PA-JQ6H;profil_amoureux;;;batch_2025-12
AMOUR-PA-K558;profil_amoureux;;;batch_2025-12
AMOUR-PA-K5TZ;profil_amoureux;;;batch_2025-12
AMOUR-PA-K8YN;profil_amoureux;;;batch_2025-12
AMOUR-PA-KKEM;profil_amoureux;;;batch_2025-12
AMOUR-PA-KMKM;profil_amoureux;;;batch_2025-12
AMOUR-PA-KQGB;profil_amoureux;;;batch_2025-12
AMOUR-PA-KVDF;profil_amoureux;;;batch_2025-12
AMOUR-PA-L762;profil_amoureux;;;batch_2025-12
AMOUR-PA-LU3M;profil_amoureux;;;batch_2025-12
AMOUR-PA-LXZQ;profil_amoureux;;;batch_2025-12
AMOUR-PA-LYUX;profil_amoureux;;;batch_2025-12
AMOUR-PA-MWHS;profil_amoureux;;;batch_2025-12
AMOUR-PA-MYX4;profil_amoureux;;;batch_2025-12
AMOUR-PA-N4PC;profil_amoureux;;;batch_2025-12
AMOUR-PA-N8JK;profil_amoureux;;;batch_2025-12
AMOUR-PA-NGKM;profil_amoureux;;;batch_2025-12
AMOUR-PA-NKDF;profil_amoureux;;;batch_2025-12
AMOUR-PA-NWWE;profil_amoureux;;;batch_2025-12
AMOUR-PA-P64X;profil_amoureux;;;batch_2025-12
AMOUR-PA-PH4K;profil_amoureux;;;batch_2025-12
AMOUR-PA-PM4C;profil_amoureux;;;batch_2025-12
AMOUR-PA-Q7K8;profil_amoureux;;;batch_2025-12
AMOUR-PA-QAYP;profil_amoureux;;;batch_2025-12
AMOUR-PA-QFVG;profil_amoureux;;;batch_2025-12
AMOUR-PA-QGFL;profil_amoureux;;;batch_2025-12
AMOUR-PA-QXJ8;profil_amoureux;;;batch_2025-12
AMOUR-PA-RDSC;profil_amoureux;;;batch_2025-12
AMOUR-PA-RP3Q;profil_amoureux;;;batch_2025-12
AMOUR-PA-RVGY;profil_amoureux;;;batch_2025-12
AMOUR-PA-S4WR;profil_amoureux;;;batch_2025-12
AMOUR-PA-SBRW;profil_amoureux;;;batch_2025-12
AMOUR-PA-SNCN;profil_amoureux;;;batch_2025-12
AMOUR-PA-T4JA;profil_amoureux;;;batch_2025-12
AMOUR-PA-TEDP;profil_amoureux;;;batch_2025-12
AMOUR-PA-TJ99;profil_amoureux;;;batch_2025-12
AMOUR-PA-TJHM;profil_amoureux;;;batch_2025-12
AMOUR-PA-TQDX;profil_amoureux;;;batch_2025-12
AMOUR-PA-TUFH;profil_amoureux;;;batch_2025-12
AMOUR-PA-U4SR;profil_amoureux;;;batch_2025-12
AMOUR-PA-U99Q;profil_amoureux;;;batch_2025-12
AMOUR-PA-USQR;profil_amoureux;;;batch_2025-12
AMOUR-PA-UYAL;profil_amoureux;;;batch_2025-12
AMOUR-PA-V5BY;profil_amoureux;;;batch_2025-12
AMOUR-PA-V6UM;profil_amoureux;;;batch_2025-12
AMOUR-PA-VABT;profil_amoureux;;;batch_2025-12
AMOUR-PA-VCJS;profil_amoureux;;;batch_2025-12
AMOUR-PA-VMWB;profil_amoureux;;;batch_2025-12
AMOUR-PA-WH74;profil_amoureux;;;batch_2025-12
AMOUR-PA-X7TG;profil_amoureux;;;batch_2025-12
AMOUR-PA-X9LS;profil_amoureux;;;batch_2025-12
AMOUR-PA-XE6M;profil_amoureux;;;batch_2025-12
AMOUR-PA-YKNQ;profil_amoureux;;;batch_2025-12
AMOUR-PA-YUTH;profil_amoureux;;;batch_2025-12
AMOUR-PA-YZME;profil_amoureux;;;batch_2025-12
AMOUR-PA-ZRAB;profil_amoureux;;;batch_2025-12
AMOUR-PA-ZZ5Z;profil_amoureux;;;batch_2025-12
FLASH-FA-2ELL;flash_astral;;;batch_2025-12
FLASH-FA-2NUV;flash_astral;;;batch_2025-12
FLASH-FA-2XKV;flash_astral;;;batch_2025-12
FLASH-FA-34UL;flash_astral;;;batch_2025-12
FLASH-FA-36SR;flash_astral;;;batch_2025-12
FLASH-FA-3HQW;flash_astral;;;batch_2025-12
FLASH-FA-3RY5;flash_astral;;;batch_2025-12
FLASH-FA-3VUW;flash_astral;;;batch_2025-12
FLASH-FA-3Y5R;flash_astral;;;batch_2025-12
FLASH-FA-4A4U;flash_astral;;;batch_2025-12
FLASH-FA-4ABW;flash_astral;;;batch_2025-12
FLASH-FA-4C4F;flash_astral;;;batch_2025-12
FLASH-FA-4CBL;flash_astral;;;batch_2025-12
FLASH-FA-4EYT;flash_astral;;;batch_2025-12
FLASH-FA-4QJS;flash_astral;;;batch_2025-12
FLASH-FA-4S4W;flash_astral;;;batch_2025-12
FLASH-FA-4TMN;flash_astral;;;batch_2025-12
FLASH-FA-4UMX;flash_astral;;;batch_2025-12
FLASH-FA-58KZ;flash_astral;;;batch_2025-12
FLASH-FA-5FCK;flash_astral;;;batch_2025-12
FLASH-FA-5R54;flash_astral;;;batch_2025-12
FLASH-FA-5XD5;flash_astral;;;batch_2025-12
FLASH-FA-632W;flash_astral;;;batch_2025-12
FLASH-FA-6798;flash_astral;;;batch_2025-12
FLASH-FA-6J24;flash_astral;;;batch_2025-12
FLASH-FA-6JLB;flash_astral;;;batch_2025-12
FLASH-FA-6URZ;flash_astral;;;batch_2025-12
FLASH-FA-6YLC;flash_astral;;;batch_2025-12
FLASH-FA-77UM;flash_astral;;;batch_2025-12
FLASH-FA-78EY;flash_astral;;;batch_2025-12
FLASH-FA-79DT;flash_astral;;;batch_2025-12
FLASH-FA-7KBM;flash_astral;;;batch_2025-12
FLASH-FA-7M7X;flash_astral;;;batch_2025-12
FLASH-FA-7VL6;flash_astral;;;batch_2025-12
FLASH-FA-88FK;flash_astral;;;batch_2025-12
FLASH-FA-8J8R;flash_astral;;;batch_2025-12
FLASH-FA-8QHQ;flash_astral;;;batch_2025-12
FLASH-FA-8XC9;flash_astral;;;batch_2025-12
FLASH-FA-994V;flash_astral;;;batch_2025-12
FLASH-FA-9GLN;flash_astral;;;batch_2025-12
FLASH-FA-9P3A;flash_astral;;;batch_2025-12
FLASH-FA-9ZGR;flash_astral;;;batch_2025-12
FLASH-FA-A44K;flash_astral;;;batch_2025-12
FLASH-FA-AC24;flash_astral;;;batch_2025-12
FLASH-FA-ATW7;flash_astral;;;batch_2025-12
FLASH-FA-B7JM;flash_astral;;;batch_2025-12
FLASH-FA-BELF;flash_astral;;;batch_2025-12
FLASH-FA-BHXY;flash_astral;;;batch_2025-12
FLASH-FA-BMKR;flash_astral;;;batch_2025-12
FLASH-FA-BVRL;flash_astral;;;batch_2025-12
FLASH-FA-BX9A;flash_astral;;;batch_2025-12
FLASH-FA-C6BZ;flash_astral;;;batch_2025-12
FLASH-FA-CFSD;flash_astral;;;batch_2025-12
FLASH-FA-CFSZ;flash_astral;;;batch_2025-12
FLASH-FA-CJ5M;flash_astral;;;batch_2025-12
FLASH-FA-CLMT;flash_astral;;;batch_2025-12
FLASH-FA-CSTY;flash_astral;;;batch_2025-12
FLASH-FA-D26V;flash_astral;;;batch_2025-12
FLASH-FA-D3WD;flash_astral;;;batch_2025-12
FLASH-FA-D83U;flash_astral;;;batch_2025-12
FLASH-FA-DEXP;flash_astral;;;batch_2025-12
FLASH-FA-EB3L;flash_astral;;;batch_2025-12
FLASH-FA-EE8Z;flash_astral;;;batch_2025-12
FLASH-FA-EXCU;flash_astral;;;batch_2025-12
FLASH-FA-EXL3;flash_astral;;;batch_2025-12
FLASH-FA-EXWL;flash_astral;;;batch_2025-12
FLASH-FA-F3MQ;flash_astral;;;batch_2025-12
FLASH-FA-FEJX;flash_astral;;;batch_2025-12
FLASH-FA-FKRU;flash_astral;;;batch_2025-12
FLASH-FA-FLCR;flash_astral;;;batch_2025-12
FLASH-FA-FMPV;flash_astral;;;batch_2025-12
FLASH-FA-FUJ6;flash_astral;;;batch_2025-12
FLASH-FA-G3QK;flash_astral;;;batch_2025-12
FLASH-FA-G4MJ;flash_astral;;;batch_2025-12
FLASH-FA-G5D4;flash_astral;;;batch_2025-12
FLASH-FA-G6UQ;flash_astral;;;batch_2025-12
FLASH-FA-G88X;flash_astral;;;batch_2025-12
FLASH-FA-GBSK;flash_astral;;;batch_2025-12
FLASH-FA-GDY4;flash_astral;;;batch_2025-12
FLASH-FA-GKZR;flash_astral;;;batch_2025-12
FLASH-FA-GTJB;flash_astral;;;batch_2025-12
FLASH-FA-GVNY;flash_astral;;;batch_2025-12
FLASH-FA-GX45;flash_astral;;;batch_2025-12
FLASH-FA-GZK6;flash_astral;;;batch_2025-12
FLASH-FA-H549;flash_astral;;;batch_2025-12
FLASH-FA-H72U;flash_astral;;;batch_2025-12
FLASH-FA-HHTN;flash_astral;;;batch_2025-12
FLASH-FA-HM5C;flash_astral;;;batch_2025-12
FLASH-FA-HM92;flash_astral;;;batch_2025-12
FLASH-FA-HRQN;flash_astral;;;batch_2025-12
FLASH-FA-HSCY;flash_astral;;;batch_2025-12
FLASH-FA-HVVF;flash_astral;;;batch_2025-12
FLASH-FA-HVXA;flash_astral;;;batch_2025-12
FLASH-FA-HW47;flash_astral;;;batch_2025-12
FLASH-FA-HW5A;flash_astral;;;batch_2025-12
FLASH-FA-J2SD;flash_astral;;;batch_2025-12
FLASH-FA-J5A9;flash_astral;;;batch_2025-12
FLASH-FA-JH63;flash_astral;;;batch_2025-12
FLASH-FA-JHU6;flash_astral;;;batch_2025-12
FLASH-FA-JJFG;flash_astral;;;batch_2025-12
FLASH-FA-JMH2;flash_astral;;;batch_2025-12
FLASH-FA-JT46;flash_astral;;;batch_2025-12
FLASH-FA-K5NR;flash_astral;;;batch_2025-12
FLASH-FA-K5QA;flash_astral;;;batch_2025-12
FLASH-FA-KHA4;flash_astral;;;batch_2025-12
FLASH-FA-KP5J;flash_astral;;;batch_2025-12
FLASH-FA-KSUT;flash_astral;;;batch_2025-12
FLASH-FA-L6ZS;flash_astral;;;batch_2025-12
FLASH-FA-L7VX;flash_astral;;;batch_2025-12
FLASH-FA-L8M3;flash_astral;;;batch_2025-12
FLASH-FA-L9TQ;flash_astral;;;batch_2025-12
FLASH-FA-LE6D;flash_astral;;;batch_2025-12
FLASH-FA-LJSM;flash_astral;;;batch_2025-12
FLASH-FA-LTDT;flash_astral;;;batch_2025-12
FLASH-FA-LZXZ;flash_astral;;;batch_2025-12
FLASH-FA-M7UD;flash_astral;;;batch_2025-12
FLASH-FA-M9Y3;flash_astral;;;batch_2025-12
FLASH-FA-MAXT;flash_astral;;;batch_2025-12
FLASH-FA-MKVV;flash_astral;;;batch_2025-12
FLASH-FA-MQAJ;flash_astral;;;batch_2025-12
FLASH-FA-MXKQ;flash_astral;;;batch_2025-12
FLASH-FA-N9SV;flash_astral;;;batch_2025-12
FLASH-FA-N9V7;flash_astral;;;batch_2025-12
FLASH-FA-NRWD;flash_astral;;;batch_2025-12
FLASH-FA-NTFE;flash_astral;;;batch_2025-12
FLASH-FA-NU7C;flash_astral;;;batch_2025-12
FLASH-FA-NXLS;flash_astral;;;batch_2025-12
FLASH-FA-P3DL;flash_astral;;;batch_2025-12
FLASH-FA-P3TH;flash_astral;;;batch_2025-12
FLASH-FA-P5RE;flash_astral;;;batch_2025-12
FLASH-FA-P6LM;flash_astral;;;batch_2025-12
FLASH-FA-P8L8;flash_astral;;;batch_2025-12
FLASH-FA-PAKR;flash_astral;;;batch_2025-12
FLASH-FA-PBEH;flash_astral;;;batch_2025-12
FLASH-FA-PCJJ;flash_astral;;;batch_2025-12
FLASH-FA-PERY;flash_astral;;;batch_2025-12
FLASH-FA-PHMA;flash_astral;;;batch_2025-12
FLASH-FA-PKE8;flash_astral;;;batch_2025-12
FLASH-FA-PKRM;flash_astral;;;batch_2025-12
FLASH-FA-PPAT;flash_astral;;;batch_2025-12
FLASH-FA-PPKR;flash_astral;;;batch_2025-12
FLASH-FA-PR2Q;flash_astral;;;batch_2025-12
FLASH-FA-PT8V;flash_astral;;;batch_2025-12
FLASH-FA-QF5B;flash_astral;;;batch_2025-12
FLASH-FA-QK6N;flash_astral;;;batch_2025-12
FLASH-FA-QPX9;flash_astral;;;batch_2025-12
FLASH-FA-QUFF;flash_astral;;;batch_2025-12
FLASH-FA-QWE9;flash_astral;;;batch_2025-12
FLASH-FA-RCCQ;flash_astral;;;batch_2025-12
FLASH-FA-RFXG;flash_astral;;;batch_2025-12
FLASH-FA-RKPS;flash_astral;;;batch_2025-12
FLASH-FA-S4XW;flash_astral;;;batch_2025-12
FLASH-FA-SBSM;flash_astral;;;batch_2025-12
FLASH-FA-SFRD;flash_astral;;;batch_2025-12
FLASH-FA-SGQW;flash_astral;;;batch_2025-12
FLASH-FA-SHD9;flash_astral;;;batch_2025-12
FLASH-FA-SKV4;flash_astral;;;batch_2025-12
FLASH-FA-SLN6;flash_astral;;;batch_2025-12
FLASH-FA-SLWJ;flash_astral;;;batch_2025-12
FLASH-FA-SQ5N;flash_astral;;;batch_2025-12
FLASH-FA-T47R;flash_astral;;;batch_2025-12
FLASH-FA-TC9C;flash_astral;;;batch_2025-12
FLASH-FA-TF7G;flash_astral;;;batch_2025-12
FLASH-FA-TN3G;flash_astral;;;batch_2025-12
FLASH-FA-TPXG;flash_astral;;;batch_2025-12
FLASH-FA-U2F2;flash_astral;;;batch_2025-12
FLASH-FA-UDZP;flash_astral;;;batch_2025-12
FLASH-FA-UEMT;flash_astral;;;batch_2025-12
FLASH-FA-UFXU;flash_astral;;;batch_2025-12
FLASH-FA-UGJ5;flash_astral;;;batch_2025-12
FLASH-FA-UY6K;flash_astral;;;batch_2025-12
FLASH-FA-UZPZ;flash_astral;;;batch_2025-12
FLASH-FA-V4ZV;flash_astral;;;batch_2025-12
FLASH-FA-VA79;flash_astral;;;batch_2025-12
FLASH-FA-VATJ;flash_astral;;;batch_2025-12
FLASH-FA-VCKS;flash_astral;;;batch_2025-12
FLASH-FA-VDQS;flash_astral;;;batch_2025-12
FLASH-FA-VEUH;flash_astral;;;batch_2025-12
FLASH-FA-VNQ7;flash_astral;;;batch_2025-12
FLASH-FA-VZH9;flash_astral;;;batch_2025-12
FLASH-FA-W92F;flash_astral;;;batch_2025-12
FLASH-FA-WERD;flash_astral;;;batch_2025-12
FLASH-FA-WFCA;flash_astral;;;batch_2025-12
FLASH-FA-WX2E;flash_astral;;;batch_2025-12
FLASH-FA-XDTT;flash_astral;;;batch_2025-12
FLASH-FA-XU7K;flash_astral;;;batch_2025-12
FLASH-FA-YAXB;flash_astral;;;batch_2025-12
FLASH-FA-YPUV;flash_astral;;;batch_2025-12
FLASH-FA-YPYR;flash_astral;;;batch_2025-12
FLASH-FA-YRX9;flash_astral;;;batch_2025-12
FLASH-FA-YSAY;flash_astral;;;batch_2025-12
FLASH-FA-YYRH;flash_astral;;;batch_2025-12
FLASH-FA-YZFL;flash_astral;;;batch_2025-12
FLASH-FA-Z3RP;flash_astral;;;batch_2025-12
FLASH-FA-Z8KD;flash_astral;;;batch_2025-12
FLASH-FA-Z92Y;flash_astral;;;batch_2025-12
FLASH-FA-ZENC;flash_astral;;;batch_2025-12
FLASH-FA-ZGSM;flash_astral;;;batch_2025-12
FLASH-FA-ZW74;flash_astral;;;batch_2025-12
FLASH-FA-ZWEQ;flash_astral;;;batch_2025-12
ESSENCE-PE-23LW;pack_essence;;;batch_2025-12
ESSENCE-PE-2GAT;pack_essence;;;batch_2025-12
ESSENCE-PE-38F8;pack_essence;;;batch_2025-12
ESSENCE-PE-3UDQ;pack_essence;;;batch_2025-12
ESSENCE-PE-48BW;pack_essence;;;batch_2025-12
ESSENCE-PE-4PMN;pack_essence;;;batch_2025-12
ESSENCE-PE-4SS2;pack_essence;;;batch_2025-12
ESSENCE-PE-4XUQ;pack_essence;;;batch_2025-12
ESSENCE-PE-59FE;pack_essence;;;batch_2025-12
ESSENCE-PE-5MX7;pack_essence;;;batch_2025-12
ESSENCE-PE-5PT2;pack_essence;;;batch_2025-12
ESSENCE-PE-6HYH;pack_essence;;;batch_2025-12
ESSENCE-PE-6MQX;pack_essence;;;batch_2025-12
ESSENCE-PE-784J;pack_essence;;;batch_2025-12
ESSENCE-PE-8R3T;pack_essence;;;batch_2025-12
ESSENCE-PE-8YW6;pack_essence;;;batch_2025-12
ESSENCE-PE-93BE;pack_essence;;;batch_2025-12
ESSENCE-PE-97GC;pack_essence;;;batch_2025-12
ESSENCE-PE-9UMP;pack_essence;;;batch_2025-12
ESSENCE-PE-A3UD;pack_essence;;;batch_2025-12
ESSENCE-PE-A6P6;pack_essence;;;batch_2025-12
ESSENCE-PE-A8FH;pack_essence;;;batch_2025-12
ESSENCE-PE-A8Q5;pack_essence;;;batch_2025-12
ESSENCE-PE-BHWA;pack_essence;;;batch_2025-12
ESSENCE-PE-CJ2M;pack_essence;;;batch_2025-12
ESSENCE-PE-CJX8;pack_essence;;;batch_2025-12
ESSENCE-PE-CW63;pack_essence;;;batch_2025-12
ESSENCE-PE-D3CA;pack_essence;;;batch_2025-12
ESSENCE-PE-DAQU;pack_essence;;;batch_2025-12
ESSENCE-PE-DEKU;pack_essence;;;batch_2025-12
ESSENCE-PE-E228;pack_essence;;;batch_2025-12
ESSENCE-PE-E6AE;pack_essence;;;batch_2025-12
ESSENCE-PE-E72N;pack_essence;;;batch_2025-12
ESSENCE-PE-ED55;pack_essence;;;batch_2025-12
ESSENCE-PE-EW4Z;pack_essence;;;batch_2025-12
ESSENCE-PE-G5G2;pack_essence;;;batch_2025-12
ESSENCE-PE-G5ZP;pack_essence;;;batch_2025-12
ESSENCE-PE-H24P;pack_essence;;;batch_2025-12
ESSENCE-PE-H83Y;pack_essence;;;batch_2025-12
ESSENCE-PE-HJE2;pack_essence;;;batch_2025-12
ESSENCE-PE-HV8D;pack_essence;;;batch_2025-12
ESSENCE-PE-JT7G;pack_essence;;;batch_2025-12
ESSENCE-PE-K5EE;pack_essence;;;batch_2025-12
ESSENCE-PE-KLE9;pack_essence;;;batch_2025-12
ESSENCE-PE-KNJD;pack_essence;;;batch_2025-12
ESSENCE-PE-KURF;pack_essence;;;batch_2025-12
ESSENCE-PE-KWRH;pack_essence;;;batch_2025-12
ESSENCE-PE-L6DF;pack_essence;;;batch_2025-12
ESSENCE-PE-LFME;pack_essence;;;batch_2025-12
ESSENCE-PE-LMD5;pack_essence;;;batch_2025-12
ESSENCE-PE-LQGN;pack_essence;;;batch_2025-12
ESSENCE-PE-MS68;pack_essence;;;batch_2025-12
ESSENCE-PE-P65C;pack_essence;;;batch_2025-12
ESSENCE-PE-PB5S;pack_essence;;;batch_2025-12
ESSENCE-PE-PN5Z;pack_essence;;;batch_2025-12
ESSENCE-PE-PURT;pack_essence;;;batch_2025-12
ESSENCE-PE-QFRD;pack_essence;;;batch_2025-12
ESSENCE-PE-RCXK;pack_essence;;;batch_2025-12
ESSENCE-PE-RNJD;pack_essence;;;batch_2025-12
ESSENCE-PE-RPHX;pack_essence;;;batch_2025-12
ESSENCE-PE-RTSA;pack_essence;;;batch_2025-12
ESSENCE-PE-RURD;pack_essence;;;batch_2025-12
ESSENCE-PE-S948;pack_essence;;;batch_2025-12
ESSENCE-PE-SFF2;pack_essence;;;batch_2025-12
ESSENCE-PE-SH4B;pack_essence;;;batch_2025-12
ESSENCE-PE-SKWD;pack_essence;;;batch_2025-12
ESSENCE-PE-TXCZ;pack_essence;;;batch_2025-12
ESSENCE-PE-U8L3;pack_essence;;;batch_2025-12
ESSENCE-PE-V23J;pack_essence;;;batch_2025-12
ESSENCE-PE-V2UH;pack_essence;;;batch_2025-12
ESSENCE-PE-VMMC;pack_essence;;;batch_2025-12
ESSENCE-PE-VW5E;pack_essence;;;batch_2025-12
ESSENCE-PE-WDP7;pack_essence;;;batch_2025-12
ESSENCE-PE-WYB9;pack_essence;;;batch_2025-12
ESSENCE-PE-XD8A;pack_essence;;;batch_2025-12
ESSENCE-PE-XKUC;pack_essence;;;batch_2025-12
ESSENCE-PE-XWDC;pack_essence;;;batch_2025-12
ESSENCE-PE-Y9H5;pack_essence;;;batch_2025-12
ESSENCE-PE-ZDBW;pack_essence;;;batch_2025-12
ESSENCE-PE-ZEQK;pack_essence;;;batch_2025-12
AMOUR-PA-2JUC;profil_amoureux;;;batch_2025-12
AMOUR-PA-2NFB;profil_amoureux;;;batch_2025-12
AMOUR-PA-2SUM;profil_amoureux;;;batch_2025-12
AMOUR-PA-2YTS;profil_amoureux;;;batch_2025-12
AMOUR-PA-36XS;profil_amoureux;;;batch_2025-12
AMOUR-PA-39U6;profil_amoureux;;;batch_2025-12
AMOUR-PA-39XS;profil_amoureux;;;batch_2025-12
AMOUR-PA-3MEF;profil_amoureux;;;batch_2025-12
AMOUR-PA-488G;profil_amoureux;;;batch_2025-12
AMOUR-PA-4FUP;profil_amoureux;;;batch_2025-12
AMOUR-PA-4HCB;profil_amoureux;;;batch_2025-12
AMOUR-PA-5HQW;profil_amoureux;;;batch_2025-12
AMOUR-PA-5KVP;profil_amoureux;;;batch_2025-12
AMOUR-PA-5LGD;profil_amoureux;;;batch_2025-12
AMOUR-PA-6EJL;profil_amoureux;;;batch_2025-12
AMOUR-PA-6JUW;profil_amoureux;;;batch_2025-12
AMOUR-PA-79X3;profil_amoureux;;;batch_2025-12
AMOUR-PA-7JY3;profil_amoureux;;;batch_2025-12
AMOUR-PA-7LYV;profil_amoureux;;;batch_2025-12
AMOUR-PA-7SAC;profil_amoureux;;;batch_2025-12
AMOUR-PA-7XES;profil_amoureux;;;batch_2025-12
AMOUR-PA-7ZFD;profil_amoureux;;;batch_2025-12
AMOUR-PA-83HN;profil_amoureux;;;batch_2025-12
AMOUR-PA-83ME;profil_amoureux;;;batch_2025-12
AMOUR-PA-892L;profil_amoureux;;;batch_2025-12
AMOUR-PA-8D4R;profil_amoureux;;;batch_2025-12
AMOUR-PA-8LGE;profil_amoureux;;;batch_2025-12
AMOUR-PA-8RQJ;profil_amoureux;;;batch_2025-12
AMOUR-PA-99DV;profil_amoureux;;;batch_2025-12
AMOUR-PA-9FL5;profil_amoureux;;;batch_2025-12
AMOUR-PA-9M6A;profil_amoureux;;;batch_2025-12
AMOUR-PA-9RTR;profil_amoureux;;;batch_2025-12
AMOUR-PA-9X6D;profil_amoureux;;;batch_2025-12
AMOUR-PA-ACVY;profil_amoureux;;;batch_2025-12
AMOUR-PA-AQTA;profil_amoureux;;;batch_2025-12
AMOUR-PA-ASP9;profil_amoureux;;;batch_2025-12
AMOUR-PA-AUE9;profil_amoureux;;;batch_2025-12
AMOUR-PA-BDG2;profil_amoureux;;;batch_2025-12
AMOUR-PA-BPFK;profil_amoureux;;;batch_2025-12
AMOUR-PA-BZE3;profil_amoureux;;;batch_2025-12
AMOUR-PA-C4TL;profil_amoureux;;;batch_2025-12
AMOUR-PA-CSXR;profil_amoureux;;;batch_2025-12
AMOUR-PA-CWMN;profil_amoureux;;;batch_2025-12
AMOUR-PA-D23Z;profil_amoureux;;;batch_2025-12
AMOUR-PA-DDAJ;profil_amoureux;;;batch_2025-12
AMOUR-PA-DFTV;profil_amoureux;;;batch_2025-12
AMOUR-PA-DRGR;profil_amoureux;;;batch_2025-12
AMOUR-PA-DV7A;profil_amoureux;;;batch_2025-12
AMOUR-PA-DW5G;profil_amoureux;;;batch_2025-12
AMOUR-PA-EC9T;profil_amoureux;;;batch_2025-12
AMOUR-PA-EES6;profil_amoureux;;;batch_2025-12
AMOUR-PA-ERZL;profil_amoureux;;;batch_2025-12
AMOUR-PA-ESGS;profil_amoureux;;;batch_2025-12
AMOUR-PA-FM68;profil_amoureux;;;batch_2025-12
AMOUR-PA-G2HW;profil_amoureux;;;batch_2025-12
AMOUR-PA-GED8;profil_amoureux;;;batch_2025-12
AMOUR-PA-GETZ;profil_amoureux;;;batch_2025-12
AMOUR-PA-H53N;profil_amoureux;;;batch_2025-12
AMOUR-PA-H57W;profil_amoureux;;;batch_2025-12
AMOUR-PA-HKTX;profil_amoureux;;;batch_2025-12
AMOUR-PA-HVM8;profil_amoureux;;;batch_2025-12
AMOUR-PA-JG49;profil_amoureux;;;batch_2025-12
AMOUR-PA-JP8X;profil_amoureux;;;batch_2025-12
AMOUR-PA-JQ6H;profil_amoureux;;;batch_2025-12
AMOUR-PA-K558;profil_amoureux;;;batch_2025-12
AMOUR-PA-K5TZ;profil_amoureux;;;batch_2025-12
AMOUR-PA-K8YN;profil_amoureux;;;batch_2025-12
AMOUR-PA-KKEM;profil_amoureux;;;batch_2025-12
AMOUR-PA-KMKM;profil_amoureux;;;batch_2025-12
AMOUR-PA-KQGB;profil_amoureux;;;batch_2025-12
AMOUR-PA-KVDF;profil_amoureux;;;batch_2025-12
AMOUR-PA-L762;profil_amoureux;;;batch_2025-12
AMOUR-PA-LU3M;profil_amoureux;;;batch_2025-12
AMOUR-PA-LXZQ;profil_amoureux;;;batch_2025-12
AMOUR-PA-LYUX;profil_amoureux;;;batch_2025-12
AMOUR-PA-MWHS;profil_amoureux;;;batch_2025-12
AMOUR-PA-MYX4;profil_amoureux;;;batch_2025-12
AMOUR-PA-N4PC;profil_amoureux;;;batch_2025-12
AMOUR-PA-N8JK;profil_amoureux;;;batch_2025-12
AMOUR-PA-NGKM;profil_amoureux;;;batch_2025-12
AMOUR-PA-NKDF;profil_amoureux;;;batch_2025-12
AMOUR-PA-NWWE;profil_amoureux;;;batch_2025-12
AMOUR-PA-P64X;profil_amoureux;;;batch_2025-12
AMOUR-PA-PH4K;profil_amoureux;;;batch_2025-12
AMOUR-PA-PM4C;profil_amoureux;;;batch_2025-12
AMOUR-PA-Q7K8;profil_amoureux;;;batch_2025-12
AMOUR-PA-QAYP;profil_amoureux;;;batch_2025-12
AMOUR-PA-QFVG;profil_amoureux;;;batch_2025-12
AMOUR-PA-QGFL;profil_amoureux;;;batch_2025-12
AMOUR-PA-QXJ8;profil_amoureux;;;batch_2025-12
AMOUR-PA-RDSC;profil_amoureux;;;batch_2025-12
AMOUR-PA-RP3Q;profil_amoureux;;;batch_2025-12
AMOUR-PA-RVGY;profil_amoureux;;;batch_2025-12
AMOUR-PA-S4WR;profil_amoureux;;;batch_2025-12
AMOUR-PA-SBRW;profil_amoureux;;;batch_2025-12
AMOUR-PA-SNCN;profil_amoureux;;;batch_2025-12
AMOUR-PA-T4JA;profil_amoureux;;;batch_2025-12
AMOUR-PA-TEDP;profil_amoureux;;;batch_2025-12
AMOUR-PA-TJ99;profil_amoureux;;;batch_2025-12
AMOUR-PA-TJHM;profil_amoureux;;;batch_2025-12
AMOUR-PA-TQDX;profil_amoureux;;;batch_2025-12
AMOUR-PA-TUFH;profil_amoureux;;;batch_2025-12
AMOUR-PA-U4SR;profil_amoureux;;;batch_2025-12
AMOUR-PA-U99Q;profil_amoureux;;;batch_2025-12
AMOUR-PA-USQR;profil_amoureux;;;batch_2025-12
AMOUR-PA-UYAL;profil_amoureux;;;batch_2025-12
AMOUR-PA-V5BY;profil_amoureux;;;batch_2025-12
AMOUR-PA-V6UM;profil_amoureux;;;batch_2025-12
AMOUR-PA-VABT;profil_amoureux;;;batch_2025-12
AMOUR-PA-VCJS;profil_amoureux;;;batch_2025-12
AMOUR-PA-VMWB;profil_amoureux;;;batch_2025-12
AMOUR-PA-WH74;profil_amoureux;;;batch_2025-12
AMOUR-PA-X7TG;profil_amoureux;;;batch_2025-12
AMOUR-PA-X9LS;profil_amoureux;;;batch_2025-12
AMOUR-PA-XE6M;profil_amoureux;;;batch_2025-12
AMOUR-PA-YKNQ;profil_amoureux;;;batch_2025-12
AMOUR-PA-YUTH;profil_amoureux;;;batch_2025-12
AMOUR-PA-YZME;profil_amoureux;;;batch_2025-12
AMOUR-PA-ZRAB;profil_amoureux;;;batch_2025-12
AMOUR-PA-ZZ5Z;profil_amoureux;;;batch_2025-12