PLANETE,DONNEE,VALEUR,INTERPRETATION
jupiter ,maison,1,"Période d’expansion personnelle, de confiance en soi et d’ouverture à de nouvelles expériences. Favorise la croissance, les opportunités, les rencontres enrichissantes et une meilleure affirmation de soi. Peut élargir la vision du monde et encourager un développement personnel ou spirituel important. Vigilance toutefois face aux excès d’ego, à l’arrogance ou au sentiment de tout maîtriser."
jupiter ,maison,2,"Période d’expansion matérielle, financière ou personnelle. Favorise l’augmentation des ressources, les investissements, les achats importants et une réflexion plus profonde sur les valeurs personnelles. Peut apporter davantage d’abondance ou de confort, à condition de gérer les ressources avec lucidité et modération. Vigilance face aux excès, aux dépenses inutiles ou à la recherche de validation matérielle."
jupiter ,maison,3,"Période d’ouverture mentale, d’apprentissage et d’expansion intellectuelle. Favorise les échanges, les études, l’écriture, les déplacements, les nouvelles idées et une communication plus fluide avec l’entourage. Peut élargir la vision du monde, assouplir certains schémas de pensée limitants et encourager des projets plus ambitieux. Vigilance toutefois face à la dispersion ou aux engagements excessifs."
jupiter ,maison,4,"Période de sécurité intérieure, d’apaisement émotionnel et d’amélioration de la vie personnelle ou familiale. Favorise le foyer, les liens familiaux, les projets immobiliers, le sentiment d’appartenance et la construction de bases émotionnelles plus solides. Peut renforcer la confiance intérieure et aider à mieux comprendre certains besoins profonds ou anciens schémas émotionnels."
jupiter ,maison,5,"Période d’épanouissement créatif, affectif et personnel. Favorise l’expression de soi, la confiance, les relations authentiques, les élans créatifs et le plaisir de vivre. Peut améliorer les relations amoureuses, les liens avec les enfants ou les activités artistiques. Encourage une affirmation plus libre et naturelle de sa personnalité. Vigilance toutefois face aux excès d’ego ou à une attitude trop dominante."
jupiter ,maison,6,"Période favorable au travail, à l’organisation quotidienne et à l’amélioration des conditions de vie ou de santé. Favorise l’efficacité, le sens du service, les nouvelles opportunités professionnelles et un meilleur équilibre dans les habitudes quotidiennes. Peut apporter davantage de satisfaction dans le travail et soutenir les processus de récupération ou de remise en forme. Vigilance toutefois face au surmenage, aux excès ou au laisser-aller physique."
jupiter ,maison,7,"Période favorable aux relations, aux partenariats et aux collaborations importantes. Favorise les rencontres enrichissantes, le soutien mutuel, les alliances constructives et l’ouverture à des personnes aux horizons différents. Les relations peuvent élargir la vision du monde et jouer un rôle important dans l’évolution personnelle. Vigilance toutefois face aux excès d’attentes, à l’idéalisation ou au manque de discernement dans les accords et engagements."
jupiter ,maison,8,"Période de transformation profonde, de régénération et d’évolution psychologique. Favorise les aides extérieures, les ressources partagées, les soutiens financiers ou les collaborations bénéfiques. Peut accompagner une guérison intérieure, une meilleure compréhension de certains schémas psychologiques ou une ouverture spirituelle importante. Les changements vécus durant cette période peuvent avoir des effets positifs durables sur le long terme."
jupiter ,maison,9,"Période d’expansion intellectuelle, spirituelle et philosophique. Favorise les études, les voyages, l’ouverture à de nouvelles cultures, les enseignements et l’élargissement de la conscience. Peut transformer profondément la vision du monde et encourager une quête de sens plus authentique. Favorable également à l’écriture, à la transmission et aux projets liés au savoir. Vigilance toutefois face au dogmatisme, à l’excès de certitudes ou au sentiment de détenir la vérité."
jupiter ,maison,10,"Période d’expansion professionnelle, de reconnaissance et d’évolution sociale. Favorise les avancées de carrière, la visibilité, la confiance en ses capacités et les opportunités de progression. Peut apporter davantage de reconnaissance, de responsabilités ou d’ambition. Vigilance toutefois face aux excès d’ego, à l’arrogance ou au besoin excessif de validation extérieure."
jupiter ,maison,11,"Période d’expansion sociale, collective et relationnelle. Favorise les amitiés, les projets de groupe, les soutiens extérieurs et les collaborations porteuses de sens. Peut élargir les perspectives d’avenir et renforcer l’envie de contribuer à quelque chose de plus grand que soi. Les échanges et les réseaux peuvent jouer un rôle important dans l’évolution personnelle. Vigilance toutefois face aux idéaux irréalistes ou aux attentes excessives envers les autres."
jupiter ,maison,12,"Période d’introspection, de guérison intérieure et d’ouverture spirituelle. Favorise la compréhension de soi, la compassion, le lâcher-prise et la recherche de sens plus profonde. Peut encourager les démarches spirituelles, psychologiques ou ésotériques, ainsi que les rencontres inspirantes jouant un rôle de guide ou de soutien intérieur. Aide à mieux accepter certaines parts de soi avec davantage de recul et de bienveillance."
saturne,maison,1,"Période d’introspection, de restructuration intérieure et de redéfinition personnelle. Invite à ralentir, à faire le point sur soi-même et à réévaluer certains schémas construits au fil des années. Peut s’accompagner d’un besoin de retrait, de fatigue ou d’une remise en question plus profonde du sens des engagements extérieurs. Favorise le travail sur soi, la thérapie, la conscience de ses véritables besoins et la reconstruction progressive de bases intérieures plus solides et authentiques."
saturne,maison,2,"Période de remise en question des valeurs personnelles, matérielles et émotionnelles. Invite à clarifier ce qui compte réellement, à restructurer sa relation à l’argent, à la sécurité et aux possessions, ainsi qu’à développer une plus grande maturité dans la gestion des ressources. Peut s’accompagner d’inquiétudes financières ou d’un besoin accru de contrôle matériel, mais pousse surtout à distinguer les besoins authentiques des attentes ou conditionnements extérieurs."
saturne,maison,3,"Période de restructuration mentale, de remise en question des habitudes de pensée et de transformation dans la manière de communiquer ou d’interagir avec l’entourage proche. Invite à prendre conscience de certains schémas mentaux automatiques, croyances ou modes de fonctionnement relationnels afin de les rendre plus authentiques et cohérents avec soi-même. Peut entraîner des difficultés de communication, un sentiment de solitude mentale ou une remise en question de certaines relations proches, mais favorise à long terme une plus grande lucidité et maturité intérieure."
saturne,maison,4,"Période de restructuration profonde de la vie intérieure, familiale et émotionnelle. Invite à faire face aux fondations personnelles, aux dynamiques familiales anciennes et aux problématiques émotionnelles restées en suspens. Peut entraîner davantage de responsabilités domestiques ou familiales ainsi qu’un besoin de réorganiser son espace de vie ou ses relations proches. Favorise le travail thérapeutique, l’introspection et la construction de bases intérieures plus solides afin de préparer une nouvelle phase d’évolution personnelle et professionnelle."
saturne,maison,5,"Période d’apprentissage dans l’expression de soi, la créativité et les relations affectives. Invite à développer une expression plus mature, consciente et authentique de sa personnalité à travers les expériences émotionnelles, créatives ou relationnelles. Peut rendre certaines relations amoureuses, responsabilités liées aux enfants ou projets créatifs plus exigeants, mais pousse à construire quelque chose de plus solide et aligné. Favorise une approche plus disciplinée de la créativité et une meilleure compréhension de ses besoins affectifs profonds."
saturne,maison,6,"Période de travail intense, de responsabilités accrues et de mise en ordre avant une nouvelle phase d’évolution. Invite à développer davantage de discipline, d’efficacité et de rigueur dans le quotidien, le travail et la gestion de l’énergie personnelle. Peut s’accompagner d’une sensation de pression, de fatigue ou d’un manque de reconnaissance immédiate, mais les efforts fournis durant cette période préparent des résultats plus solides à long terme. Demande également une attention particulière à la santé, au rythme de vie et à l’équilibre entre corps et esprit."
saturne,maison,7,"Période de mise à l’épreuve des relations, des engagements et des partenariats importants. Invite à clarifier les attentes mutuelles, les responsabilités et l’équilibre dans les relations personnelles ou professionnelles. Certaines relations peuvent se renforcer et gagner en solidité, tandis que d’autres, devenues trop fragiles ou déséquilibrées, peuvent se terminer. Ce transit pousse à davantage de maturité relationnelle, d’engagement conscient et de lucidité dans les liens avec les autres."
saturne,maison,8,"Période de transformation profonde, de confrontation aux dépendances matérielles ou émotionnelles et de réévaluation des ressources partagées. Invite à développer davantage d’autonomie, à clarifier sa relation au pouvoir, au contrôle, aux finances communes et aux échanges profonds avec les autres. Peut mettre en lumière certaines limites liées au soutien extérieur ou à la dépendance envers les ressources d’autrui. Favorise également une réflexion plus mature sur les changements traversés au cours des dernières années et sur la direction réelle de sa vie."
saturne,maison,9,"Période de maturation intellectuelle, philosophique et existentielle. Invite à structurer sa vision du monde, ses croyances, ses objectifs de vie et sa compréhension de soi avec davantage de réalisme et de profondeur. Favorise les apprentissages sérieux, les réflexions philosophiques ou spirituelles et une approche plus pragmatique de la connaissance. Peut préparer une phase importante d’accomplissement futur, à condition de rester ouvert à l’évolution et d’éviter les certitudes rigides ou dogmatiques."
saturne,maison,10,"Période d’accomplissement, de responsabilités majeures et de récolte des efforts passés. Peut marquer une phase importante de reconnaissance professionnelle, sociale ou personnelle, où les actions et choix des années précédentes produisent leurs conséquences concrètes. Favorise l’affirmation de soi à travers les réalisations, la carrière ou les responsabilités assumées. Demande toutefois intégrité, rigueur et solidité des fondations personnelles, car tout ce qui a été construit sur des bases fragiles peut également être remis en question."
saturne,maison,11,"Période de structuration des projets, des ambitions collectives et des relations sociales. Demande davantage de coopération, de responsabilités au sein d’un groupe ou d’un réseau, et une remise en question des objectifs à long terme. Les efforts passés peuvent porter leurs fruits si les bases sont solides ; sinon, certaines attentes ou projets peuvent être déçus afin de permettre une réorientation plus mature."
saturne,maison,12,"Période de clôture de cycle, de bilan intérieur et de préparation à un nouveau départ. Invite à terminer ce qui doit l’être, à faire le tri dans les anciennes structures de vie et à prendre conscience des schémas ou situations arrivés à leur terme. Peut s’accompagner d’un sentiment de retrait, de fatigue, de remise en question ou de perte de repères temporaires, mais favorise une profonde phase de nettoyage psychologique et émotionnel avant un nouveau cycle d’évolution."
uranus,maison,1,"Période de transformation profonde de l’identité, du mode de vie et de la manière de se présenter au monde. Ce transit pousse à se libérer progressivement des anciens rôles, limitations ou habitudes devenus trop étroits, afin d’exprimer une version plus authentique, libre et indépendante de soi-même. Des changements importants peuvent toucher les relations, le travail, le quotidien ou la manière de vivre, surtout dans les domaines où l’on se sent enfermé, contraint ou empêché d’être pleinement soi. Très stimulant mais parfois déstabilisant, ce transit favorise les nouvelles expériences, les prises de conscience, l’ouverture à des visions différentes de la vie et un profond besoin de renouveau personnel. Résister au changement peut accentuer les tensions, tandis qu’accepter d’évoluer permet de redonner davantage de liberté, de vitalité et de sens à sa trajectoire."
uranus,maison,2,"Période de bouleversements matériels, financiers et de remise en question profonde des valeurs personnelles. Ce transit pousse à transformer sa relation à l’argent, au travail, aux possessions et à la sécurité matérielle afin de gagner davantage de liberté et d’alignement avec ses véritables besoins d’évolution. Des changements soudains peuvent toucher les finances, les revenus, les dépenses ou la manière de gagner sa vie, parfois de façon imprévisible, avec des opportunités inattendues comme des pertes ou ruptures nécessaires. Très libérateur intérieurement, ce transit favorise les nouveaux modes de vie, les reconversions, les activités plus stimulantes ou indépendantes, ainsi qu’un détachement progressif de ce qui limite l’épanouissement personnel. Plus la personne reste flexible et ouverte au changement, plus cette période peut devenir source de renouveau et d’évolution positive."
uranus,maison,3,"Période de stimulation mentale, de changements dans le quotidien et d’ouverture à de nouvelles façons de penser. Ce transit transforme progressivement les habitudes mentales, les échanges, les apprentissages et la manière de communiquer avec le monde. Le rythme de vie peut devenir plus rapide, imprévisible ou intense, avec de nombreuses informations, rencontres, déplacements ou événements venant bousculer les anciennes certitudes. Très favorable aux études, aux nouvelles connaissances, aux domaines innovants ou aux approches alternatives, ce transit pousse à sortir des schémas mentaux rigides afin d’élargir sa conscience et sa vision de la vie. Plus la personne reste curieuse, adaptable et ouverte aux changements, plus cette période devient source d’inspiration, de renouveau intellectuel et d’évolution personnelle."
uranus,maison,4,"Période de bouleversements profonds dans la sphère familiale, émotionnelle et intérieure. Ce transit transforme progressivement les bases personnelles, le rapport au foyer, aux racines, à la sécurité émotionnelle et aux schémas hérités du passé. Des changements importants peuvent toucher la maison, la famille, les relations proches ou le cadre de vie, parfois de manière soudaine ou déstabilisante, afin de libérer la personne de fonctionnements devenus trop rigides ou enfermants. Très intense psychologiquement, ce transit fait remonter des tensions anciennes ou inconscientes qui demandent à être reconnues et transformées. Même si cette période peut donner l’impression de perdre certains repères, elle permet à terme de construire une vie plus libre, plus authentique et moins conditionnée par le passé ou les anciennes obligations émotionnelles."
uranus,maison,5,"Période de renouveau créatif, d’expérimentation et de besoin accru de liberté dans l’expression personnelle et affective. Ce transit pousse à sortir des schémas habituels dans les relations amoureuses, les loisirs, la créativité ou la manière de profiter de la vie. Des rencontres atypiques, intenses ou imprévisibles peuvent apparaître, souvent porteuses de bouleversements importants dans la manière d’aimer ou de se définir émotionnellement. Très stimulant pour la créativité, ce transit favorise les approches originales, les nouvelles passions et le besoin d’exprimer une version plus libre et authentique de soi-même. Les enfants, les histoires sentimentales ou les projets créatifs peuvent également devenir des sources majeures de changement et d’évolution personnelle."
uranus,maison,6,"Période de transformation du quotidien, du travail et du rapport aux obligations. Ce transit pousse à remettre en question les routines devenues trop pesantes, répétitives ou limitantes afin de retrouver davantage de liberté et de stimulation dans la vie professionnelle ou dans l’organisation du quotidien. Des changements soudains peuvent toucher le travail, les responsabilités ou les habitudes de vie, avec un fort besoin d’indépendance et de renouvellement. Très favorable aux nouvelles méthodes, aux outils innovants ou aux domaines techniques et modernes, ce transit encourage à travailler différemment plutôt qu’à continuer des schémas épuisants. Il demande également d’écouter les signaux du corps et du stress : ignorer trop longtemps les tensions ou frustrations peut finir par se répercuter sur la santé ou l’équilibre nerveux."
uranus,maison,7,"Période de bouleversements relationnels, de besoin de liberté et de remise en question des engagements importants. Ce transit met les relations proches face à un besoin profond de renouveau, d’authenticité et d’évolution, rendant beaucoup plus difficiles les liens basés sur l’habitude, la dépendance ou les compromis étouffants. Les tensions latentes dans les couples, partenariats ou associations ont tendance à remonter fortement à la surface afin d’obliger à faire évoluer la dynamique relationnelle. Des rencontres soudaines, atypiques ou très stimulantes peuvent également apparaître, souvent avec une forte intensité émotionnelle mais un caractère imprévisible ou instable. Très libérateur mais parfois déstabilisant, ce transit pousse à revoir sa manière de vivre les relations afin qu’elles laissent davantage de place à l’individualité, à la spontanéité et à la vérité personnelle. Résister au changement ou tenter de maintenir artificiellement des situations figées peut accentuer les conflits et les ruptures."
uranus,maison,8,"Période de transformations profondes, intenses et souvent imprévisibles touchant la psychologie, les attachements émotionnels, la sexualité et les ressources partagées. Ce transit agit comme une phase de rupture avec d’anciens schémas devenus trop limitants, obligeant à abandonner certaines dépendances, peurs ou contrôles inconscients. Des changements soudains peuvent concerner les finances communes, les héritages, les dettes ou les ressources d’un partenaire. Très puissant intérieurement, ce transit provoque une véritable mutation psychologique et pousse à se libérer de ce qui entrave l’évolution personnelle. Les relations intimes peuvent devenir plus instables ou prendre une tournure totalement nouvelle, révélant des besoins émotionnels et relationnels différents de ceux du passé. Même si cette période peut être déstabilisante, elle ouvre la voie à une profonde régénération intérieure."
uranus,maison,9,"Période d’ouverture mentale, de remise en question des croyances et d’élargissement de la conscience. Ce transit pousse à explorer de nouvelles visions du monde, à sortir des certitudes rigides et à s’intéresser à des idées, philosophies ou connaissances différentes de celles du passé. Très stimulant intellectuellement, il favorise les études, les voyages, les découvertes, les approches innovantes ou les disciplines alternatives capables de transformer profondément la manière de penser. Les anciennes convictions peuvent être bouleversées par des expériences inattendues qui obligent à revoir certains points de vue. Plus la personne reste ouverte, curieuse et adaptable, plus cette période devient enrichissante et libératrice. Résister au changement ou s’accrocher à des vérités figées peut au contraire rendre ce transit plus déstabilisant et conflictuel."
uranus,maison,10,"Période de bouleversements professionnels, de remise en question de la direction de vie et de besoin croissant d’indépendance dans la carrière ou l’image sociale. Ce transit pousse à sortir des structures professionnelles devenues trop limitantes, répétitives ou oppressantes afin de retrouver davantage de liberté, de stimulation et d’authenticité dans la manière d’exister publiquement. Des changements soudains peuvent toucher le travail, le statut social, les responsabilités ou les relations avec l’autorité. Très favorable aux projets innovants, aux reconversions ou aux nouvelles approches professionnelles, ce transit encourage à emprunter des chemins plus personnels et moins conventionnels. Résister au besoin de changement ou rester dans une situation devenue étouffante peut provoquer des ruptures brutales, des conflits ou des retournements inattendus. Cette période demande donc d’accepter l’évolution plutôt que d’attendre qu’elle s’impose de force."
uranus,maison,11,"Période d’évolution des projets d’avenir, des amitiés et de la place occupée au sein des groupes. Ce transit élargit les horizons et pousse à remettre en question certaines attentes ou certains milieux devenus trop limitants. De nouvelles rencontres, souvent atypiques, stimulantes ou très différentes des habitudes passées, peuvent transformer profondément la vision de l’avenir et ouvrir vers des modes de vie plus libres et plus originaux. Les anciennes amitiés ou appartenances collectives peuvent évoluer, se distendre ou être remplacées par des environnements plus en accord avec les nouvelles aspirations personnelles. Très favorable aux idées novatrices, aux projets collectifs et aux changements de réseau social, ce transit encourage à assumer davantage son individualité sans se laisser enfermer par la pression du groupe ou les attentes des autres."
uranus,maison,12,"
Période de libération psychologique profonde et de remise en mouvement de contenus inconscients longtemps enfouis. Ce transit agit souvent de manière discrète mais intense, en faisant remonter des schémas cachés, des peurs, des tensions refoulées ou des comportements automatiques qui influencent la vie sans être pleinement conscients. Des événements inattendus peuvent révéler ce qui était ignoré, dissimulé ou évité, afin de provoquer une prise de conscience nécessaire. Très puissant sur le plan intérieur, ce transit favorise le travail psychologique, l’introspection et les démarches permettant de mieux comprendre son fonctionnement profond. Il peut également donner l’impression que certaines situations échappent au contrôle ou proviennent de forces invisibles, alors qu’elles prennent souvent racine dans des mécanismes inconscients anciens. Cette période prépare à une transformation majeure de l’identité et permet progressivement de se libérer d’anciens conditionnements pour vivre de manière plus authentique et plus libre."
neptune,maison,1,"Période de redéfinition de l’identité et de la manière de se présenter aux autres. La sensibilité, l’intuition et la compassion s’intensifient, mais l’image de soi peut devenir changeante ou difficile à saisir. Attention aux projections, aux influences extérieures et aux rôles de sauveur ou de victime. Ce transit invite à mieux distinguer son identité profonde de l’image renvoyée par l’entourage."
neptune,maison,2,"Période de transformation du rapport à l’argent, aux possessions et aux valeurs personnelles. Les repères matériels peuvent sembler flous, incitant à rechercher une sécurité plus intérieure que financière. Attention aux dépenses irréalistes, aux investissements risqués, aux promesses trompeuses et au manque de clarté dans la gestion des ressources. Ce transit favorise le détachement et une définition plus spirituelle de ce qui a réellement de la valeur."
neptune,maison,3,"Période d’ouverture intuitive et imaginative qui transforme la pensée, les échanges et la perception du quotidien. Elle favorise l’intérêt pour la spiritualité, les symboles et les sujets métaphysiques. La communication peut toutefois manquer de précision et provoquer malentendus ou décisions confuses, notamment avec l’entourage proche. Il est préférable de vérifier les informations, de clarifier les accords et de laisser mûrir les décisions importantes."
neptune,maison,4,"Période de profonde évolution intérieure touchant le foyer, les racines et le sentiment de sécurité. Le besoin d’un lieu de vie inspirant ou protecteur s’accentue, parfois au prix d’attentes idéalisées. Des zones floues peuvent apparaître dans la vie familiale ou la relation aux parents. Ce transit invite à écouter les mouvements psychologiques profonds tout en maintenant des limites et une vision réaliste des situations domestiques."
neptune,maison,5,"Période de romantisme, d’inspiration créative et de recherche d’une relation vécue comme spirituelle ou idéale. L’imagination artistique s’intensifie, mais les sentiments peuvent être dominés par les projections et le désir de sauver l’autre ou d’être sauvé. Attention aux amours inaccessibles, aux attentes irréalistes, aux spéculations financières et à l’idéalisation des enfants. Les relations gagnent à être vécues entre égaux, avec lucidité."
neptune,maison,6,"Période de sensibilité accrue dans le travail, la santé et l’organisation quotidienne. Elle favorise les activités créatives, spirituelles ou tournées vers l’aide et le soin, à condition de préserver ses limites. Des incompréhensions professionnelles ou un manque de repères peuvent compliquer le quotidien. Il convient également d’éviter les régimes extrêmes, l’automédication et les substances mal tolérées, et de demander un avis médical en cas de problème."
neptune,maison,7,"Période d’idéalisation et de grande sensibilité dans les relations de couple, les associations et les collaborations. Elle peut renforcer la compassion et l’attention portée à un proche, mais aussi entretenir des non-dits, des projections ou des attentes irréalistes. La prudence est recommandée avant de former un nouveau partenariat ou de signer un accord. Des échanges explicites et des limites claires permettent d’éviter confusion, dépendance ou tromperie."
neptune,maison,8,"Période d’exploration des profondeurs psychologiques, des mécanismes inconscients et des dimensions spirituelles de l’existence. Elle favorise l’introspection et les démarches thérapeutiques, tandis qu’une ancienne organisation intérieure s’efface progressivement. Les finances partagées, dettes, héritages ou emprunts peuvent néanmoins devenir confus. Il est essentiel de vérifier les engagements, d’éviter les arrangements financiers vagues et de ne pas prêter ou emprunter sur la seule confiance."
neptune,maison,9,"Période de quête spirituelle et de remise en question des croyances, de la philosophie de vie et de la vision du monde. L’ouverture à d’autres perspectives peut produire de fortes intuitions, mais aussi une perte temporaire de repères. Ce transit invite à accepter de ne pas tout comprendre immédiatement. Attention toutefois aux doctrines séduisantes, aux certitudes mystiques et au sentiment de détenir une vérité supérieure aux autres."
neptune,maison,10,"Période de questionnement sur la carrière, la vocation et la place occupée dans la société. Les objectifs professionnels habituels peuvent perdre leur sens, poussant vers une activité plus inspirée, créative, spirituelle ou tournée vers le service. La direction à suivre peut rester floue pendant un temps. Attention aux promesses professionnelles trompeuses, aux malentendus et aux décisions motivées uniquement par le statut ou la reconnaissance."
neptune,maison,11,"Période d’idéalisme, de quête de sens et d’ouverture spirituelle ou humaine dans les amitiés, les groupes et les projets d’avenir. Elle favorise les liens fondés sur des valeurs communes et les engagements inspirants. Attention toutefois aux projections sur les autres, aux relations déséquilibrées, au sacrifice excessif et aux objectifs collectifs irréalistes. Le discernement permet de distinguer une véritable communauté d’un groupe qui entretient ses propres illusions."
neptune,maison,12,"Période de retrait, d’introspection et de recherche d’un sens plus profond à l’existence. La sensibilité, l’intuition et l’intérêt pour la spiritualité peuvent s’intensifier, tandis que les réussites extérieures paraissent moins importantes. Une confrontation au passé peut provoquer solitude, découragement ou impression de vide. Ce transit invite à se reconnecter à sa vie intérieure, à la compassion et au sentiment d’appartenir à quelque chose de plus vaste."
pluton,maison,1,"Période de transformation profonde de l’identité, de la présence et de la manière d’agir sur son environnement. Des forces intérieures jusque-là inconscientes peuvent émerger, révélant des compulsions, des besoins de contrôle ou une puissance personnelle mal utilisée. Ce transit favorise une meilleure connaissance de soi et une véritable régénération. Il demande toutefois d’éviter les rapports de domination et d’employer son influence de façon consciente et constructive."
pluton,maison,2,"Période de transformation du rapport à l’argent, aux possessions et aux valeurs personnelles. Les ressources ou les sources de revenus peuvent connaître une phase de restructuration qui oblige à abandonner d’anciens repères matériels. Ce transit invite à distinguer la sécurité réelle de l’attachement aux biens et à reconstruire sur des bases plus solides. Résister au changement peut accentuer les tensions financières et retarder l’émergence de nouvelles priorités."
pluton,maison,3,"Période de remise en question profonde des pensées, des croyances quotidiennes et de la manière de communiquer. Des situations longtemps considérées comme normales peuvent atteindre un point de crise et révéler des tensions enfouies. Ce transit pousse à dépasser les explications superficielles, à examiner ses automatismes mentaux et à parler avec davantage de conscience. Les échanges, l’entourage proche ou de courts déplacements peuvent déclencher d’importantes prises de conscience."
pluton,maison,4,"Période de transformation majeure des fondations émotionnelles, familiales et personnelles. Des problématiques issues de l’enfance ou des relations parentales peuvent refaire surface afin d’être comprises et dépassées. Le foyer, le lieu de vie ou l’organisation familiale peuvent également connaître de profonds changements. Ce transit favorise le travail psychologique et la reconstruction intérieure, mais demande d’éviter les rapports de force et de se libérer progressivement des dépendances anciennes."
pluton,maison,5,"Période d’intensification de la créativité, des relations amoureuses et du lien aux enfants. Les sentiments peuvent sembler irrésistibles ou destinés, au risque de perdre le sens des proportions et d’entrer dans des jeux de pouvoir. Les relations fragiles sont poussées à se transformer, tandis que les liens solides peuvent gagner en profondeur. Ce transit stimule une expression créative puissante et invite à vivre pleinement sans rechercher systématiquement le danger ou l’excès."
pluton,maison,6,"Période de transformation du travail, des habitudes quotidiennes et du rapport au corps. Une situation professionnelle devenue inadaptée peut provoquer tensions, changements de poste ou réorientation vers une activité plus cohérente. Ce transit invite également à écouter les signaux physiques, à revoir son hygiène de vie et à éviter le surmenage ou les régimes extrêmes. Un suivi médical reste nécessaire pour toute inquiétude de santé, l’astrologie ne remplaçant pas un diagnostic."
pluton,maison,7,"Période de transformation profonde des relations de couple, des associations et des rapports en tête-à-tête. Des tensions cachées ou des déséquilibres de pouvoir peuvent émerger et imposer une redéfinition du lien. Les relations fragiles risquent de se rompre, tandis que les plus solides peuvent se renouveler. Ce transit invite à reconnaître sa propre participation aux conflits, à éviter la manipulation et à construire des engagements fondés sur la lucidité et la responsabilité partagée."
pluton,maison,8,"Période de transformation intérieure, de confrontation aux grandes transitions de l’existence et de recherche de vérités profondes. Elle favorise l’exploration psychologique, spirituelle ou symbolique et peut modifier radicalement la perception de la perte, du pouvoir et de la régénération. Les ressources partagées, dettes, héritages ou finances du couple peuvent connaître d’importants changements. Il est préférable d’éviter les engagements financiers qui créent une dépendance excessive."
pluton,maison,9,"Période de transformation des croyances, de la philosophie de vie et de la vision du monde. Des expériences marquantes peuvent remettre en cause d’anciennes certitudes et conduire vers une compréhension plus profonde de soi et de l’existence. L’intérêt pour la spiritualité, la psychologie ou les mouvements de réforme peut s’intensifier. Attention toutefois au fanatisme, à l’obsession d’avoir raison et au désir d’imposer ses convictions aux autres."
pluton,maison,10,"Période d’ambition intense et de transformation de la carrière, de la vocation ou de la place sociale. Elle peut offrir une grande capacité d’accomplissement lorsque les objectifs sont clairs et cohérents avec l’identité profonde. Dans le cas contraire, plusieurs changements de direction peuvent être nécessaires. Ce transit demande d’éviter les stratégies autoritaires, les raccourcis et les compromis éthiques, car les luttes de pouvoir pourraient provoquer une opposition durable."
pluton,maison,11,"Période de transformation des projets d’avenir, des amitiés et des appartenances collectives. Certains objectifs perdent leur sens, tandis que de nouvelles relations plus intenses accompagnent une évolution personnelle profonde. Une rencontre ou un groupe peut modifier durablement la direction de vie. Il convient toutefois de rester vigilant face aux personnalités dominantes, aux mouvements extrêmes et aux dynamiques collectives qui cherchent à contrôler les choix individuels."
pluton,maison,12,"Période de nettoyage psychologique profond qui fait remonter des peurs, des blessures et des comportements inconscients longtemps dissimulés. Des situations du passé peuvent réapparaître afin d’être reconnues, comprises et transformées. Ce transit favorise l’introspection et l’accompagnement thérapeutique lorsque celui-ci est utile. Éviter ou nier ces contenus renforce leur influence, tandis qu’une confrontation honnête permet de rompre d’anciens schémas et prépare une reconstruction complète de l’identité."
mars,maison,1,"Période de grande énergie, d’initiative et de besoin d’agir de manière indépendante. Elle favorise le travail, l’activité physique et la défense de ses intérêts, mais peut rendre plus impatient, combatif ou insensible aux réactions d’autrui. Le corps et la personnalité projettent davantage de force. Ce transit demande de canaliser l’élan vers des objectifs concrets et d’éviter les conflits inutiles, la précipitation et les risques physiques."
mars,maison,2,"Période d’action centrée sur l’argent, les possessions et les valeurs personnelles. Le besoin d’acquérir, de défendre ou d’utiliser ses ressources devient plus intense, ce qui peut stimuler le travail et les revenus. Des dépenses impulsives ou des disputes financières sont toutefois possibles. Ce transit invite à mettre ses moyens au service d’un objectif utile, à clarifier ses priorités et à ne pas confondre valeur personnelle et quantité de biens possédés."
mars,maison,3,"Période d’accélération du quotidien, des échanges, des déplacements et de l’activité mentale. Les idées sont défendues avec vigueur et la communication devient plus directe, mais aussi plus impatiente ou argumentative. Elle favorise l’écriture, les démarches et les travaux intellectuels soutenus. Prudence néanmoins dans les trajets et les discussions : vérifier les informations, écouter les autres et ralentir avant d’agir limite les malentendus et les gestes précipités."
mars,maison,4,"Période d’activité et de tension possible dans le foyer, la famille et la vie intérieure. Des émotions anciennes ou des irritations inconscientes peuvent émerger et se traduire par une humeur combative. Elle favorise les travaux domestiques, les réparations et les actions destinées à sécuriser son espace. Ce transit invite à comprendre la source réelle de la colère, à éviter les disputes familiales répétitives et à ne pas déplacer sur les proches une frustration professionnelle."
mars,maison,5,"Période d’expression personnelle, de créativité, de plaisir et de désir amoureux. L’énergie devient plus joueuse, compétitive et spontanée, favorisant le sport, les loisirs, la séduction et les projets artistiques. Des tensions passagères avec les enfants ou dans les relations sentimentales peuvent survenir si chacun veut imposer sa volonté. Ce transit invite à prendre des initiatives sans dramatiser les rivalités ni rechercher systématiquement l’excitation ou le risque."
mars,maison,6,"Période de travail intense, d’efficacité et de besoin de contrôler l’organisation quotidienne. Elle favorise les tâches exigeantes et les efforts concrets, mais peut provoquer impatience envers les collègues, les contraintes ou les méthodes imposées. Le surmenage et la négligence des signaux physiques sont à éviter. Ce transit invite à mieux répartir l’énergie, à améliorer ses habitudes et à consulter un professionnel de santé en cas de problème persistant."
mars,maison,7,"Période de tension et d’affirmation dans le couple, les associations et les relations en tête-à-tête. Les différences deviennent plus visibles et peuvent provoquer conflits ou compétition si chacun cherche à dominer. Cette énergie peut aussi servir à traiter ouvertement un problème et à défendre ensemble un objectif commun. Ce transit demande de négocier, d’écouter la position adverse et d’éviter les provocations, les ruptures impulsives ou les affrontements purement personnels."
mars,maison,8,"Période d’intensité autour de l’intimité, des transformations personnelles et des ressources partagées. Les questions d’argent commun, de dettes ou de pouvoir peuvent provoquer désaccords et luttes de contrôle. Le désir sexuel peut également s’intensifier. Ce transit invite à agir sur une situation profonde plutôt qu’à contourner le problème, à clarifier les engagements financiers et à rechercher une coopération équitable dans les relations où les intérêts sont étroitement liés."
mars,maison,9,"Période d’énergie intellectuelle tournée vers les études, les voyages, les convictions et l’élargissement de la vision du monde. Elle favorise l’apprentissage actif, la défense d’une cause et l’exploration de nouvelles expériences. L’attachement aux opinions peut toutefois devenir combatif ou dogmatique. Ce transit invite à confronter ses idées à la réalité, à écouter d’autres perspectives et à rester prudent dans les démarches juridiques ou les décisions prises au nom d’une certitude absolue."
mars,maison,10,"Période d’ambition, d’effort professionnel et de volonté de progresser socialement. Elle favorise les initiatives de carrière, la prise de responsabilités et la capacité à produire des résultats visibles. Des conflits avec l’autorité ou les collègues peuvent apparaître si l’action semble menaçante ou trop personnelle. Ce transit demande une stratégie claire, une conduite loyale et un usage constructif de la compétition plutôt qu’une lutte destinée uniquement à prouver sa valeur."
mars,maison,11,"Période d’action orientée vers les projets d’avenir, les amitiés et les activités collectives. Elle favorise le travail d’équipe, les engagements communs et les efforts nécessaires pour concrétiser un objectif. Le besoin de diriger peut cependant entrer en conflit avec les attentes du groupe. Ce transit invite à trouver un collectif compatible avec ses valeurs, à partager les responsabilités et à éviter d’imposer sa méthode comme seule façon valable d’avancer."
mars,maison,12,"Période où l’énergie et la colère peuvent agir de manière moins consciente, produisant irritabilité diffuse, fatigue ou impression d’être freiné par des circonstances invisibles. Les efforts solitaires, les recherches et les activités d’aide sont favorisés. Ce transit invite à reconnaître les frustrations refoulées, les motivations cachées et les comportements d’auto-sabotage. Il demande de travailler avec discrétion, de préserver son énergie et d’éviter les confrontations indirectes ou les actions secrètes."