ASTRE,DONNEE,VALEUR ,INTERPRETATION,
lune_noire,aspect_soleil,opposition,"Lorsque le soleil est opposé à la lune noire, nous avons tout simplement
honte de nous même. Ce que nous sommes, profondément au fond de
nous, est tourné en ridicule, en absurde. Nous avons le sentiment d'avoir
un égo sur-dimensionné, une confiance en soi absolument excessive, et
nous alternons avec un sentiment d'être totalement ridicule dans nos
manifestations narcissiques. La lune noire va contraindre notre égo. Vécu
difficile avec le père, que nous avons pu trouver absurde dans son
comportement.","Lorsque le soleil est opposé à la lune noire, nous avons tout simplement
honte de nous même. Ce que nous sommes, profondément au fond de
nous, est tourné en ridicule, en absurde. Nous avons le sentiment d'avoir
un égo sur-dimensionné, une confiance en soi absolument excessive, et
nous alternons avec un sentiment d'être totalement ridicule dans nos
manifestations narcissiques. La lune noire va contraindre notre égo. Vécu
difficile avec le père, que nous avons pu trouver absurde dans son
comportement."
lune_noire,aspect_soleil,conjonction,"Lorsque le soleil est conjoint à la lune noire, il y a un trouble identitaire.
Un refus de soi-même, un rejet de soi et de ce que l'on est. Les parts
d'ombre arrivent plus fortement à la conscience, le sujet les vit et s'y
identifie, ressentant le tourment comme un trait caractéristique de son
être. Il peut y avoir également le rejet du père, la méfiance envers lui et
le rejet de l'homme, du mari pour une femme. Un peur de se faire
""manger"" par lui.","Lorsque le soleil est conjoint à la lune noire, il y a un trouble identitaire.
Un refus de soi-même, un rejet de soi et de ce que l'on est. Les parts
d'ombre arrivent plus fortement à la conscience, le sujet les vit et s'y
identifie, ressentant le tourment comme un trait caractéristique de son
être. Il peut y avoir également le rejet du père, la méfiance envers lui et
le rejet de l'homme, du mari pour une femme. Un peur de se faire
""manger"" par lui."
lune_noire,aspect_lune,opposition,"La lune opposée à la lune noire va montrer un excès maternant que nous
pouvons avoir auprès des autres. Nous voulons nous occuper d'eux comme
une mère, et nous avons honte de nous comporter comme cela avec les
autres. Nous avons tellement peur de ne pas avoir d'amour que nous
faisons tout pour nous occuper des autres. Nous avons également honte
de nos émotions, qui semblent totalement ridicules et excessives, nous
pouvons souffrir d'émotions très fortes. Alors nous nous coupons pour ne
plus rien ressentir. Mère vue comme ridicule dans son comportement
maternel.","La lune opposée à la lune noire va montrer un excès maternant que nous
pouvons avoir auprès des autres. Nous voulons nous occuper d'eux comme
une mère, et nous avons honte de nous comporter comme cela avec les
autres. Nous avons tellement peur de ne pas avoir d'amour que nous
faisons tout pour nous occuper des autres. Nous avons également honte
de nos émotions, qui semblent totalement ridicules et excessives, nous
pouvons souffrir d'émotions très fortes. Alors nous nous coupons pour ne
plus rien ressentir. Mère vue comme ridicule dans son comportement
maternel."
lune_noire,aspect_lune,conjonction,"Conjointe à la lune, la lune noire symbolise un rapport de haine et
d'amour envers la mère, deux images de mères qui coexistent : la douceur
et la violence. Pour un homme, l'image de l'épouse sera difficile,
ressentant une peur de la femme et une image de femme vengeresse.
Les émotions sont violentes, l'individu ressent en lui une fragilité
importante.","Conjointe à la lune, la lune noire symbolise un rapport de haine et
d'amour envers la mère, deux images de mères qui coexistent : la douceur
et la violence. Pour un homme, l'image de l'épouse sera difficile,
ressentant une peur de la femme et une image de femme vengeresse.
Les émotions sont violentes, l'individu ressent en lui une fragilité
importante."
lune_noire,aspect_mercure,opposition,"Mercure opposé à la lune noire va évoquer la honte que nous avons
ressentie dans l'enfance. Nous nous sentons ridicule dans notre
comportement enfantin jugé immature, à notre goût, nous étions ""trop""
dispersé, en demande, à réclamer etc. Nous pouvons avoir tendance
aujourd'hui à nous positionner fortement en enfant, à être dans l'excès
d'un comportement enfantin. Nous avons honte de notre intelligence, nos
réflexions ne sont jamais assez intelligentes, pertinentes, construites à
notre goût. Nous taisons donc au lieu de","Mercure opposé à la lune noire va évoquer la honte que nous avons
ressentie dans l'enfance. Nous nous sentons ridicule dans notre
comportement enfantin jugé immature, à notre goût, nous étions ""trop""
dispersé, en demande, à réclamer etc. Nous pouvons avoir tendance
aujourd'hui à nous positionner fortement en enfant, à être dans l'excès
d'un comportement enfantin. Nous avons honte de notre intelligence, nos
réflexions ne sont jamais assez intelligentes, pertinentes, construites à
notre goût. Nous taisons donc au lieu de"
lune_noire,aspect_mercure,conjonction,"Conjointe à Mercure, la lune noire symbolise une vie antérieure avec des
problématiques de santé mentale, de mutisme, de surdité, d'autisme. Le
sentiment d'être double est fort, tout en étant en recherche du jumeau
perdu. Il peut y avoir eu le décès d'un frère, d'un ami très proche dans
l'enfance. La communication est difficile, angoissante, et l'enfance a été
difficile, avec une méfiance à l'égard des adultes.","Conjointe à Mercure, la lune noire symbolise une vie antérieure avec des
problématiques de santé mentale, de mutisme, de surdité, d'autisme. Le
sentiment d'être double est fort, tout en étant en recherche du jumeau
perdu. Il peut y avoir eu le décès d'un frère, d'un ami très proche dans
l'enfance. La communication est difficile, angoissante, et l'enfance a été
difficile, avec une méfiance à l'égard des adultes."
lune_noire,aspect_venus,opposition,"Nous avons honte de l'amour, de notre façon d'aimer, de soi en tant que femme. Nous pouvons courir après l'amour, les relations, trop en faire pour être aimé.e, être dans une séduction excessive, dans une demande sentimentale excessive. En réalité nous avons du mal à nous aimer nousmême, et à aimer véritablement comme si l'amour était ridicule. Nous sommes dans une ambiguïté sentimentale. Image de la femme dégradée, croyances sur le féminin.","Nous avons honte de l'amour, de notre façon d'aimer, de soi en tant que femme. Nous pouvons courir après l'amour, les relations, trop en faire pour être aimé.e, être dans une séduction excessive, dans une demande sentimentale excessive. En réalité nous avons du mal à nous aimer nousmême, et à aimer véritablement comme si l'amour était ridicule. Nous sommes dans une ambiguïté sentimentale. Image de la femme dégradée, croyances sur le féminin."
lune_noire,aspect_venus,conjonction,"Avec Vénus, les relations amoureuses sont conflictuelles, difficiles, source
d'échec parfois. Le besoin d'amour est absolu, recherchant à combler un
sentiment de vide, mais la réalité est angoissante avec un rejet de l'autre.
Pour les femmes, la féminité est mal vécue, double : provocatrice et douce
à la fois. Pour les hommes, les relations peuvent se cumuler car il y a une
peur des femmes. Difficulté avec les soeurs et les amies femmes.","Avec Vénus, les relations amoureuses sont conflictuelles, difficiles, source
d'échec parfois. Le besoin d'amour est absolu, recherchant à combler un
sentiment de vide, mais la réalité est angoissante avec un rejet de l'autre.
Pour les femmes, la féminité est mal vécue, double : provocatrice et douce
à la fois. Pour les hommes, les relations peuvent se cumuler car il y a une
peur des femmes. Difficulté avec les soeurs et les amies femmes."
lune_noire,aspect_mars,opposition,"Avec Mars, c'est le masculin qui pose problème : en tant qu'homme, aveс
sa propre virilité qui est remise en question occasionnant possiblement
des troubles sexuels. L'image des hommes est difficile, avec une vision
ridicule de l'homme. Nous avons honte de nos propres désirs, de nos
pulsions, et nous pouvons être dans un excès de domination martienne,
puis fortement le regretter. Le positionnement du soi dans l'affirmation
personnelle est peu équilibré. Nos désirs sexuels nous semblent honteux,
nous pouvons avoir honte de notre sexualité.","Avec Mars, c'est le masculin qui pose problème : en tant qu'homme, aveс
sa propre virilité qui est remise en question occasionnant possiblement
des troubles sexuels. L'image des hommes est difficile, avec une vision
ridicule de l'homme. Nous avons honte de nos propres désirs, de nos
pulsions, et nous pouvons être dans un excès de domination martienne,
puis fortement le regretter. Le positionnement du soi dans l'affirmation
personnelle est peu équilibré. Nos désirs sexuels nous semblent honteux,
nous pouvons avoir honte de notre sexualité."
lune_noire,aspect_mars,conjonction,"Avec Mars, c'est le masculin qui pose problème: pour un homme, avec sa
propre virilité qui est remise en question occasionnant des troubles
sexuels, précocité ou impuissance, pour une femme la tendance à
rechercher des compagnons agressifs et manipulateurs. Il y a peut être eu
des difficultés avec les frères, les cousins, difficultés avec les amis
garçons. Mars sera excessif : impulsivité, violence, prises de risques
importants. Le passage à l'action n'est pas construit et mesuré avec une
recherche du danger.","Avec Mars, c'est le masculin qui pose problème: pour un homme, avec sa
propre virilité qui est remise en question occasionnant des troubles
sexuels, précocité ou impuissance, pour une femme la tendance à
rechercher des compagnons agressifs et manipulateurs. Il y a peut être eu
des difficultés avec les frères, les cousins, difficultés avec les amis
garçons. Mars sera excessif : impulsivité, violence, prises de risques
importants. Le passage à l'action n'est pas construit et mesuré avec une
recherche du danger."
lune_noire,aspect_jupiter,opposition,"C'est la question de la place qui est difficile. Nous ne nous sentons pas
légitime à prendre notre place dans la société, dans notre vie, dans notre
métier, notre famille. Nous alternons avec un excès de domination, à se
mettre en avant, parler haut et fort pour se faire entendre, chaque
individu ou situation nouvelle représentant un danger menaçant notre
place, avec une retrait excessif et soudain. On a honte de son
comportement, honte de demander plus d'attention. On se sent
soudainement illégitime.","C'est la question de la place qui est difficile. Nous ne nous sentons pas
légitime à prendre notre place dans la société, dans notre vie, dans notre
métier, notre famille. Nous alternons avec un excès de domination, à se
mettre en avant, parler haut et fort pour se faire entendre, chaque
individu ou situation nouvelle représentant un danger menaçant notre
place, avec une retrait excessif et soudain. On a honte de son
comportement, honte de demander plus d'attention. On se sent
soudainement illégitime."
lune_noire,aspect_jupiter,conjonction,"Le rapport au père, aux guides et enseignants est difficile, avec une
sensation de se faire écraser et nier dans ses capacités. Le problème ici
est la prise de place, le sentiment d'avoir sa place quelque part, d'être
reconnu et digne de confiance. Le rapport à la loi est difficile, à la
religion également.","Le rapport au père, aux guides et enseignants est difficile, avec une
sensation de se faire écraser et nier dans ses capacités. Le problème ici
est la prise de place, le sentiment d'avoir sa place quelque part, d'être
reconnu et digne de confiance. Le rapport à la loi est difficile, à la
religion également."
lune_noire,aspect_saturne,opposition,"Avec Saturne au périgée, il y a une problématique concernant la lignée familiale, la transmission générationnelle, concernant l'image du père qui n'aurait pas transmis le cadre de manière sécurisante. On a honte de sa famille, de sa lignée, de son père. On peut se rigidifier à l'extrême pour se rassurer, se demandant une ligne de conduite stricte, pratiquant une intolérance et une exigence envers les autres. Et on ne supportera pas que les autres nous jugent, nous révèlent nos incohérences, on les rendra responsables de nos sorties de cadre.","Avec Saturne au périgée, il y a une problématique concernant la lignée familiale, la transmission générationnelle, concernant l'image du père qui n'aurait pas transmis le cadre de manière sécurisante. On a honte de sa famille, de sa lignée, de son père. On peut se rigidifier à l'extrême pour se rassurer, se demandant une ligne de conduite stricte, pratiquant une intolérance et une exigence envers les autres. Et on ne supportera pas que les autres nous jugent, nous révèlent nos incohérences, on les rendra responsables de nos sorties de cadre."
lune_noire,aspect_saturne,conjonction,"Avec Saturne, il y a un problème de limites: un hypercontrôle et une
intolérance forte avec de l'exigence, mais également un difficulté à
évoluer dans un cadre avec des règles. Le refus de l'autorité, de la
hiérarchie et l'obéissance à quelqu'un d'autre que soit peut être difficile.
Le rapport à la réussite et aux échecs est difficile, une tendance à se
mettre en défaut pour s'en plaindre ensuite.","Avec Saturne, il y a un problème de limites: un hypercontrôle et une
intolérance forte avec de l'exigence, mais également un difficulté à
évoluer dans un cadre avec des règles. Le refus de l'autorité, de la
hiérarchie et l'obéissance à quelqu'un d'autre que soit peut être difficile.
Le rapport à la réussite et aux échecs est difficile, une tendance à se
mettre en défaut pour s'en plaindre ensuite."
lune_noire,aspect_uranus,opposition,"On a honte de notre besoin de liberté. On a le sentiment de toujours
réclamer plus de liberté, d'indépendance, et on se reproche souvent à soimême sa marginalité, son manque d'acceptation du cadre, des normes
sociales. On veut sortir du cadre mais on condamne ce désir. On cultive la
différence, ayant du mal à la supporter chez les autres, parce-que l'on
craint par dessus tout d'être dans une norme, malgré soi. Et en même
temps, on veut faire partie de la norme, appartenir à un groupe dans
lequel on peut se fondre.","On a honte de notre besoin de liberté. On a le sentiment de toujours
réclamer plus de liberté, d'indépendance, et on se reproche souvent à soimême sa marginalité, son manque d'acceptation du cadre, des normes
sociales. On veut sortir du cadre mais on condamne ce désir. On cultive la
différence, ayant du mal à la supporter chez les autres, parce-que l'on
craint par dessus tout d'être dans une norme, malgré soi. Et en même
temps, on veut faire partie de la norme, appartenir à un groupe dans
lequel on peut se fondre."
lune_noire,aspect_uranus,conjonction,"Le rapport à la liberté est difficile, chaque personne ou situation risquant
de la lui enlever. Le sentiment de rejet est projeté dans de nombreuses
situations de la vie, alors que c'est l'individu qui participe à le mettre en
place. L'individu se veut anti-conformiste tout en souhaitant appartenir à
un collectif qu'il idéalise et exècre en même temps.","Le rapport à la liberté est difficile, chaque personne ou situation risquant
de la lui enlever. Le sentiment de rejet est projeté dans de nombreuses
situations de la vie, alors que c'est l'individu qui participe à le mettre en
place. L'individu se veut anti-conformiste tout en souhaitant appartenir à
un collectif qu'il idéalise et exècre en même temps."
lune_noire,aspect_neptune,opposition,"Avec Neptune au périgée, on peut ressentir l'existence d'une nostalgie,
d'un mal être intérieur dont on ne saisit pas les contours. On rejette
souvent ces émotions que l'on juge confuses, disproportionnées,
inadaptées. On recherche des expériences transcendantes, à s'oublier
dans une spiritualité, se sentant dans une quête (vue comme ridicule)
d'absolu. On peut cacher ses croyances spirituelles, par honte, pratiquer
le déni, avoir honte de ne pas réussir à plus se structurer.","Avec Neptune au périgée, on peut ressentir l'existence d'une nostalgie,
d'un mal être intérieur dont on ne saisit pas les contours. On rejette
souvent ces émotions que l'on juge confuses, disproportionnées,
inadaptées. On recherche des expériences transcendantes, à s'oublier
dans une spiritualité, se sentant dans une quête (vue comme ridicule)
d'absolu. On peut cacher ses croyances spirituelles, par honte, pratiquer
le déni, avoir honte de ne pas réussir à plus se structurer."
lune_noire,aspect_neptune,conjonction,"Avec Neptune, il y a confusion intérieure, mentale, avec des expériences
paranormales et une coupure avec la réalité. Les addictions et l'alcool
peuvent survenir, pour noyer les fantasmes d'absolu avec le divin, avec
l'amour idéalisé mais qui nous fait fuir en même temps.","Avec Neptune, il y a confusion intérieure, mentale, avec des expériences
paranormales et une coupure avec la réalité. Les addictions et l'alcool
peuvent survenir, pour noyer les fantasmes d'absolu avec le divin, avec
l'amour idéalisé mais qui nous fait fuir en même temps."
lune_noire,aspect_pluton,opposition,"Pluton en face de la lune noire va donner un mélange explosif ! On
ressent des tourments profonds, des peurs, des questions de fond qui font
mal, angoissent. On ressent comme une ombre au fond de soi, craignant
presque d'être malveillant. On a honte de ces ressentis que l'on peut
juger avec dureté, et on passe d'un point de tension du thème à un autre
point de tension du thème, créant de l'emportement, une violence que
nous craignons. À force de contraindre cette force intérieure, on la fait
grandir, et elle devient encore plus difficile à contrôler.","Pluton en face de la lune noire va donner un mélange explosif ! On
ressent des tourments profonds, des peurs, des questions de fond qui font
mal, angoissent. On ressent comme une ombre au fond de soi, craignant
presque d'être malveillant. On a honte de ces ressentis que l'on peut
juger avec dureté, et on passe d'un point de tension du thème à un autre
point de tension du thème, créant de l'emportement, une violence que
nous craignons. À force de contraindre cette force intérieure, on la fait
grandir, et elle devient encore plus difficile à contrôler."
lune_noire,aspect_pluton,conjonction,"Les énergies plutoniennes et de la lune noire, lorsqu'elles se mélangent,
ne donnent pas de très bonnes choses. Deux parts d'ombre se mêlent
pour donner des sentiments d'angoisses profonds, une tendance à la
violence, à la haine, à la peur, aux instincts primaires. Il faut cependant
ne pas les confondre, la lune noire va également appeler à dépasser ces
pulsions animales. L'individu possède une richesse intérieure, et il aura de
grandes capacités de transformation, si il arrive à dépasser cette
conjonction.","Les énergies plutoniennes et de la lune noire, lorsqu'elles se mélangent,
ne donnent pas de très bonnes choses. Deux parts d'ombre se mêlent
pour donner des sentiments d'angoisses profonds, une tendance à la
violence, à la haine, à la peur, aux instincts primaires. Il faut cependant
ne pas les confondre, la lune noire va également appeler à dépasser ces
pulsions animales. L'individu possède une richesse intérieure, et il aura de
grandes capacités de transformation, si il arrive à dépasser cette
conjonction."
lune_noire,aspect_noeud_sud,noeud_sud_conjonction,"passé karmique très lourd et pesant, on a le sentiment d'avoir fait quelque chose de mal dans la vie antérieure. Le NN est tourné en ridicule, on a du mal à y adhérer. On est sans cesse ramené vers son passé karmique.","passé karmique très lourd et pesant, on a le sentiment d'avoir fait quelque chose de mal dans la vie antérieure. Le NN est tourné en ridicule, on a du mal à y adhérer. On est sans cesse ramené vers son passé karmique."
lune_noire,aspect_noeud_nord,noeud_nord_conjonction,"passé karmique ridiculisé, on a honte de ce qu'on a fait dans la vie antérieure. Fuite du passé. Projet de réussir son NN absolument mais il faudra se confronter à ses peurs les plus profondes pour y arriver.","passé karmique ridiculisé, on a honte de ce qu'on a fait dans la vie antérieure. Fuite du passé. Projet de réussir son NN absolument mais il faudra se confronter à ses peurs les plus profondes pour y arriver."
lune_noire,aspect_noeud_nord,noeud_nord_carre,Difficulté à accepter son passé et à se tourner vers l'avenir. On a du mal à tirer des leçons de sa vie passée pour les réinjecter dans l'accès à sa mission de vie. ,Difficulté à accepter son passé et à se tourner vers l'avenir. On a du mal à tirer des leçons de sa vie passée pour les réinjecter dans l'accès à sa mission de vie. 