PLANÈTE,TYPE_DONNÉE,VALEUR,VIE ACTUELLE,VIE ANTERIEURE
MERCURE,signification,,"Mercure rétrograde signe un karma lié à la communication, au mental et au vécu d'enfance. Tu portes une mémoire de séparation, d'isolement ou d'incompréhension qui influence encore aujourd'hui ta façon de penser et de t'exprimer. Cette vie t'invite à reconnaître ton intelligence authentique et à te donner le droit d'exister pleinement dans ta parole, au-delà des peurs et des croyances héritées du passé.",
Mercure,Maison,1,"On s'identifie à un comportement de dispersion.
On affirme des idées puis on en change aussi vite. On s'identifie
à l'enfant blessé en soi.","Karma de mensonges, de calomnies, on
fortement utilisé le langage pour se sortir de situations
compliquées. On a pu manipuler par les mots."
Mercure,Maison,2,"On craint de ne pas gagner assez bien sa vie. Les
finances fluctuent et on se sent comme un enfant en insécurité
devant les finances.","Karma de vol. On a pu être un commerçant peu
honnête dans la vie passée, utiliser le langage pour flouer,
arnaquer."
Mercure,Maison,3,"Il a été difficile de réussir à s'exprimer dans la fratrie.
On a été peu entendu ou vu, ou les apprentissages scolaires ont été
difficiles. Maltraitance/harcèlement scolaire.","Karma de méchanceté envers les enfants, on a pu
être instituteur et maltraiter les enfants, ou être en ir"
Mercure,Maison,4,"On n'a pas été écouté enfant. Notre parole était niée, rejetée. À la maison, on n'avait pas le droit de parler. Nos émotions prennent le pas sur notre communication.","Karma familial. On a pu être abandonné, ou abandonner soi-même ses enfants et son foyer. On ne s'est pas occupé de siens, on n'a pas écouté, pas accueilli la parole de l'autre."
Mercure,Maison,5,"On n'a pas eu le droit de parler de soi enfant.
Déception vis-à-vis du père, on l'a recherché. On a peur de ne rien
valoir. Peur d'avoir des enfants.","Karma égotique. On a abusé de son égo, vis-à-vis des autres. On s'est mal occupé de ses enfants, on a pris leur place, on recherchait beaucoup de reconnaissance."
Mercure,Maison,6,"On somatise très facilement puisqu'on a du mal à exprimer par des mots. Troubles nerveux, troubles de la communication, on peut travailler avec des enfants en difficulté.","Si relation avec la 12, on a pu abuser de la confiance d'autrui et faire de la prison. On refusait de faire des choix et de s'engager."
Mercure,Maison,7,"On a des difficultés au niveau du couple, on attire des partenaires immatures, volages, avec lesquels on communique difficilement, on se sent bloqué sentimentalement.","C'est dans son couple qu'on a crée du karma, en mentant, manquant d'honnêteté avec l'autre, ne s'engageant pas, ne faisant pas attention à l'autre."
Mercure,Maison,8,"On a une peur terrible du langage, de donner son avis. Enfance mal vécue où parler pouvait nous retomber dessus, violence psychologique. Manque de prise en charge parentale.","Nous n'avons pas été en capacité de prendre en charge ses enfants dans une vie passée. On a fait le vide autour de soi, rompant avec les gens et situations."
Mercure,Maison,9,"On a souvent la tentation d'imposer ses idées et croyances aux autres, pour se revaloriser, car on doute de ses capacités. Dans l'enfance, sentiment de ne pas avoir de place.","Nous avons usé du langage pour s'imposer, être autoritaire, affirmer une supériorité. On en a trop fait pour être le meilleur, mais on a pu tout perdre..."
Mercure,Maison,10,"On rejette le modèle familial/paternel, communication difficile dans l'enfance. Foyer rigide, rempli de règles. On aura du mal à maintenir cette organisation et tout cadre sera contrainte. On va de travail en travail, en ayant du mal à trouver sa voie.","Nous avons imposé à nos enfants un modèle qui était le nôtre, dans une totale tradition patriarcale. Abus au travail."
Mercure,Maison,11,"On peine à se sentir à l'aise dans un groupe, sentiment de vulnérabilité intense dans un collectif, dévalorisation intellectuelle, retrait. Peu d'affectif dans l'enfance.","Karma de l'esprit. On a imposé des dogmes et des idéologies aux groupes et à la société dans une pleine puissance, on a abusé du langage pour servir son égo."
Mercure,Maison,12,"On a vécu une enfance assez triste, solitaire, on s'est senti isolé, abandonné, sa parole est devenue silence, mutisme, grande difficulté à parler une fois adulte. Culpabilité parentale.","Karma de silence. Voeu de silence dans la vie passée, oubli de soi dans la religion, abandon de sa famille et de enfants, ou vie d'orphelin."
Mercure,Signe,bélier,"On peine à s'affirmer, dominer, on a un langage
parfois agressif, parfois complètement en retrait. On parle par
la colère. On vit la communication comme une agression.","Karma de mots violents, on a pu avoir une façon
de parler autoritaire, agressive, dominatrice. On a pu blesser
l'autre par les mots."
Mercure,Signe,taureau,"On a pu souffrir d'un étouffement parental, être
trop couvé, et ne pas avoir le droit de l'exprimer, ou au contraire
un manque total de sécurité.","On a cherché à amasser de l'argent, à se
sécuriser à outrance dans la vie passée, en possédant, gardant
pour soi, possédant les autres."
Mercure,Signe,gémeaux,"On communique d'une manière dispersée, frivole,
superficielle, parce-qu'on a trop peur de parler de sujets de
fond. Problématique avec la fratrie. Peu de confiance en son
intelligence.","Karma avec les frères et soeurs. On ne s'est pas
occupé d'eux, on les a volés, ils nous ont volé..."
Mercure,Signe,cancer,"Communiquer est difficile, on a tout le temps peur et on se laisse vite déborder par nos émotions. A la maison, on nous a demandé d'incarner le petit enfant sage qui ne fait pas de vagues.","Karma familial. On a pu être une mère difficile avec
ses enfants, ne pas les écouter, les délaisser, abandonner, ou être
abandonné. On a abusé de la parole pour du chantage affectif."
Mercure,Signe,lion,"On manque de confiance en soi. Sa parole n'est jamais assez brillante et intéressante, donc soit on en dit trop, soit en se tait. On veut se faire valoir en parlant de soi.",Karma égotique et avec ses enfants. On leur a peu donné de place parce-qu'on a pas réussi soi-même à gérer son propre égo. Avoir des enfants représentait une contrainte.
Mercure,Signe,vierge,"On a été un enfant plus mature que les autres, et on l'a mal vécu : incompréhensions, mise à l'écart. On est resté discret, sage, pour éviter d'amener l'attention sur soi-même.","Karma d'abus de confiance. On a pu refuser une position de service, de domestique, et on a menti et volé. On va devoir apprendre à être humble."
Mercure,Signe,balance,"On a du mal à sociabiliser, avec les mondanités, on a peur de se lier aux autres. Dans l'enfance, on est resté sage et en retrait, tout ce qui comptait, c'était les apparences...","Relation de couple difficile, on a cherché à dominer et écraser l'autre, faire preuve d'autorité sans entendre, sans nuancer son comportement."
Mercure,Signe,scorpion,"On a peur de sa propre agressivité intérieure, de sa capacité à agresser l'autre et à le piquer. Sentiment de manipulation dans l'enfance, d'anxiétés à la maison.","On a été dans l'agressivité dans la vie passée et on ne s'est pas occupé des siens, rejetant les autres par peur du rejet. On a fait du vide autour de soi."
Mercure,Signe,sagittaire,"Notre parole est parfois inadaptée. Gaffes, exagérations, monologues, on essaie de se rassurer en parlant beaucoup. Dans l'enfance on n'a pas eu la place attendue.","On en a trop fait: train de vie luxueux, monde des apparences, suprématie de la réussite, on a écrasé les autres et on a En sagittaire pu tout perdre."
Mercure,Signe,capricorne,"On peine à maintenir une certaine continuité, à se trouver dans le travail, à organiser son quotidien et on vit au jour le jour. Enfance vécue dans une certaine froideur et rigidité.","Nous avons été dans l'autorité et la toute puissance patriarcale, en chef de famille qui imposait ses règles aux autres, ne tolérant pas de la désobéissance."
Mercure,Signe,verseau,"On a du mal à mettre en avant ses idées, pourtant on a un esprit novateur, mais ce n'est pas assez à nos yeux. Froideur dans le foyer, sentiment de solitude, enfance indépendante.","On a été dans le dogme, dans l'irresponsabilité sociale, on jouait avec les mots pour avoir de l'influence. On a vécu hors des normes sociales."
Mercure,Signe,poissons,"Mercure est en chute et rétrograde, la communication est donc difficile, floue, incontrôlable. Dans son enfance, on a pu fusionner avec un parent.","Karma spirituel. On a pu abuser des croyances spirituelles et ne plus distinguer le vrai du faux. Vies d'addictions, de retrait spirituel, de perte du lien au réel."
VENUS,signification,,"Vénus rétrograde signe un karma lié à l'amour, aux relations, au féminin et aux valeurs. Tu portes une mémoire de rigidité affective, de manque d'amour dans l'enfance, et possiblement d'un féminin blessé ou dégradé dans des vies antérieures. Cette vie t'invite à déconstruire les blocages qui t'empêchent d'aimer véritablement et de recevoir l'amour, à guérir ta relation au féminin et à toi-même, et à retrouver la souplesse du cœur au-delà des principes rigides et des blessures de trahison.",
Vénus,Maison,1,"On s'identifie à un comportement de dispersion affective, on est dans la quête de plaisirs. On est dans une caricature de Vénus rétrograde, on a du mal à s'imaginer agir autrement.","Karma affectif, on a pu pousser l'égoïsme, se mettre au centre dans les relations."
Vénus,Maison,2,On a des difficultés à utiliser son don pour gagner sa vie. On a des valeurs affectives rigides et de l'insécurité. Vie antérieure : Karma de certitudes. On a établit des certitude,"Karma de certitudes. On a établit des certitudes tellement rigides, des principes, se condamnant soi même à ne pas utiliser sa créativité, ses talents, explorer sa féminité. Attachement insécure à l'argent."
Vénus,Maison,3,"On peut avoir un vécu difficile avec ses frères et soeurs, surtout avec une soeur. Sensation qu'une soeur nous a fait de l'ombre, était plus aimée que nous. Détachement affectif.","Karma avec la fratrie : incestes, abus. On n'a pas aimé sa soeur à sa juste valeur dans la vie antérieure, on l'a rejetée, on était le vilain petit canard dans la famille."
Vénus,Maison,4,"On a pu mal vivre la place d'une soeur au foyer (comme en maison 3) ou sa propre place de femme à la maison. Manque d'amour au foyer, valeurs rigides à la maison.","Karma familial. On a intégré l'idée qu'on ne peut pas aimer au foyer. On a pu faire un mariage sans amour, et voir son mari chercher l'amour auprès d'autres femmes."
Vénus,Maison,5,"On n'a pas senti l'amour du père envers soi en tant que femme, ou sa soeur a pris l'amour du père. Crainte d'avoir des enfants, notamment l'arrivée d'une fille que nous craignons.","Karma de filiation. On a pu être une mère enfant, ne pas réussir à aimer son enfant. On était encore dans un besoin de construction égotique, du fait de la jeunesse, pour devenir mère."
Vénus,Maison,6,Il y a le risque de n'exister qu'à travers la maladie. Ou alors on va aider les autres au nom de principes très rigides dans lesquels nous risquons de nous perdre. Nous donnons tout de nous.,"On a pu être bonne soeur, être dans le don total mais au nom de principes, ou alors se complaire dans la maladie, se sentir aimé.e uniquement quand on était malade."
Vénus,Maison,7,"L'amour sincère et le couple sont deux principes difficiles à réconcilier. On donne pour recevoir, on n'est pas dans le don. On a peur d'être séparé.e des autres.","L'union ne se faisait pas avec de l'amour, on se mariait par intérêt. Tout s'est joué dans les apparences. On a tout donné pour préserver le vernis lisse des apparences."
Vénus,Maison,8,"Les relations amoureuses font très peur, insécurisent. On a des difficultés avec son féminin, on vit des relations toxiques, de la manipulation, un rapport de pouvoir en amour.","Le karma en relation avec l'amour est lourd. Nous avons pu connaître des viols, des abus sexuels, vivre une version dégradée de son féminin. On s'est coupé de ses sentiments."
Vénus,Maison,9,"On recherche l'aventure en amour, mais on ne se laisse pas aller, les principes sont trop rigides. On fantasme la passion mais on ne se laisse pas aller à ses sentiments pour la vivre.","Nous avons utilisé l'amour pour se hisser socialement: mariage intéressé, rayonnement à travers l'union. On ne savait pas aimer ses enfants, sa fille, ses soeurs, les femmes..."
Vénus,Maison,10,"Il peut être difficile de poursuivre des ambitions professionnelles en tant que femme, ou on a eu le sentiment d'un manque d'amour familial. Rigidité des valeurs, exigence.",Nos valeurs vis-à-vis du travail et du modèle de vie étaient très rigides. On a intégré un modèle patriarcal et traditionnel concernant la place de la femme.
Vénus,Maison,11,Les relations amoureuses sont un sujet d'expérience plutôt que de connexion aux sentiments. On a du mal à éprouver de l'amour et on vit des amitiés amoureuses. Refus de l'engagement.,"On a vécu l'amour de manière intellectualisée, sans attaches et sous des principes dogmatiques. On a imposé son égo dans ses relations. Détachement sentimental."
Vénus,Maison,12,"Le féminin est un sujet très complexe, on a un rejet fort du féminin. L'amour est un lieu de trouble, de mal être, on n'a jamais le sentiment d'être assez aimé.e.","On a abandonné sa femme et ses proches, ou on s'est isolée en tant que femme, préférant la solitude à la souffrance que représente l'amour. Abandon des siens."
Vénus,Signe,bélier,"On est dans l'exagération de Vénus rétrograde, dans sa version instinctive et dans une attitude de guerrier.ère face à l'amour. La manifestation personnelle est peu vécue dans l'amour.","Karma de relations conflictuelles, où nous étions au centre de la relation, refusant de se changer par peur de la soumission. On a pu être une femme guerrière refusant les hommes."
Vénus,Signe,taureau,"Besoin de vivre des relations, de ne pas être seul.e par besoin de sécurité, les principes sont rigides. On veut gagner de l'argent mais de manière immédiate. On ne donne pas gratuitement.","On a été dans des principes excessifs concernant l'argent, on a abusé de son talent pour s'enrichir, pour abuser de En l'argent. On a oublié ses valeurs féminines, au nom de la sécurité."
Vénus,Signe,gémeaux,"Si pas de soeur dans cette vie, on pourra le regretter. Si on a une fille, on vivra de l'attraction/répulsion avec elle, parcequ'il y a un problème vénusien.","Karma avec les frères et soeurs. On a pu se sentir sacrifié au profit d'une soeur si présence de Neptune R, ou on a sacrifié ses études pour sa fratrie avec Mercure R."
Vénus,Signe,cancer,"Il est difficile de réconcilier amour et foyer. On a du mal à abandonner ses principes, et on se retrouve avec des partenaires dispersés sexuellement.","Karma familial. On devait être une femme ""bien"" douce, qui présente bien, mais coupée de ses sentiments. Mariage sans amour. Principes de fidélité, mais dispersion sexuelle."
Vénus,Signe,lion,"Besoin de réassurance égotique. On doute de sa capacité à séduire et à être aimé.e. Manque de mise en valeur dans l'enfance, on se disperse dans les relations sexuelles.","Karma égotique. On avait des principes autour de la séduction, et on faisait le contraire pour se rassurer, on a été dispersé sexuellement (plusieurs partenaires.)"
Vénus,Signe,vierge,"On a du mal à aimer parce-que le moindre sentiment passe par le crible du mental. On aime au nom d'une liste de critères. On peut s'enfermer dans le rôle de la femme corvéable à merci, tout en se plaignant d'incarner ce rôle.",Karma autour des soins et du don de soi : on a tout donné de soi de manière discrète mais sans amour.
Vénus,Signe,balance,"On aimera au nom de valeurs mondaines. Ce qui est important c'est que le partenaire ""présente bien"". On charme pour être aimé.e, besoin de plaire. On a besoin de faire bonne figure, que les autres nous trouvent gentil/le.",Les valeurs étaient rigides et l'amour peu considéré. Il était important d'être aimée.e avant d'aimer. Mariage sans amour.
Vénus,Signe,scorpion,"On se méfie de l'amour, et on vit des schémas sentimentaux répétitifs et destructeurs. On va vivre avec agressivité le rapport à l'amour. Relations toxiques, manipulations.","On a été dans l'agressivité dans la vie passée, on a attaqué pour se défendre d'un danger quelconque en lien avec les siens. Abus, viols possibles."
Vénus,Signe,sagittaire,Notre besoin de liberté et d'espace nous positionne dans une ambiguïté entre demande d'amour oppressante et sentiment que l'autre nous enferme. On aime l'autre quand il réussit.,"On a érigé en valeur la réussite au-dessus des sentiments. Union arrangée pour se hisser socialement. On aimait se montrer, les mondanités, exposer sa réussite sociale. Bourgeoisie."
Vénus,Signe,capricorne,"On vit difficilement le rapport à l'amour véritable, parce-que tout est enfermé dans des principes très rigides, très mentaux. On est dans une certaine froideur sentimentale.","Vision des femmes difficile. Les femmes ont pu être méprisées dans la vie passée, on a manqué d'amour envers elles ou envers soi en tant que femme. Rigidité sentimentale."
Vénus,Signe,verseau,"On voit l'amour comme un enfermement, on veut être libre en amour. On refuse l'engagement tout en le recherchant paradoxalement, mais on se met dans des relations sans lendemain.","On a refusé un engagement ou rompu un engagement au nom de sa valeur liberté. On a suivi des idéaux En verseau politiques, délaissant ses proches."
Vénus,Signe,poissons,"On fantasme l'amour mais on le fuit également. On a un besoin désespéré d'amour, une idéalisation totale de la relation, voire une dépendance amoureuse, mais on vit des échecs.",On a pu fantasmer l'amour à outrance tout comme le rejeter pour des valeurs spirituelles d'isolement et de repli. On a idéalisé un amour qui nous a profondément déçu.e.
MARS,signification,,"Mars rétrograde signe un karma lié à l'action, la colère, le masculin et la violence. Tu portes une mémoire de conflits, de guerre ou d'excès de force dans des vies antérieures, qui génère aujourd'hui une profonde culpabilité et une peur de ta propre violence intérieure. Cette vie t'invite à apprivoiser ta colère, à te pardonner les excès du passé, et à reconquérir ton droit d'agir et de désirer sans être paralysé.e par la peur ou poussé.e dans l'impulsivité. Le chemin consiste à transformer ta relation au masculin et à ta propre puissance d'action.",
Mars,Maison,1,"On s'identifie à un comportement de colère, de violence, d'énervement. On peut vite se sentir agressif ou agressé, on ressent en soi une violence interne qui fait peur.","Karma de guerrier, on a été soi-même identifié à ce mars rétrograde : violent, colérique, agressif, dominateur, cherchant à affirmer à outrance ses droits."
Mars,Maison,2,"On a des certitudes ancrées sur ses droits, son droit de s'affirmer face aux autres. On désire les bien des autres. On a du mal à aimer, sans se confronter à un désir anxiogène.","Karma d'avidité. On a pu s'emparer des biens des autres avec une certaines colère, une volonté d'avoir plus afin d'assouvir un besoin de domination. Domination sexuelle."
Mars,Maison,3,"On peut avoir un vécu difficile avec ses frères et soeurs, surtout avec un frère. On a vécu un climat assez conflictuel et violent avec ce frère ou au sein de la fratrie. Colère à l'école.","Karma avec la fratrie : violence envers un frère dans la vie passée, un conflit a été mené au sein de la fratrie, on a pu vivre ou commettre un inceste."
Mars,Maison,4,"On a pu mal vivre la place d'un frère au foyer (comme maison 3) ou on a vécu son enfance dans un climat de forte violence, maltraitance physique ou psychologique.","Karma familial. On a pu être extrêmement violent auprès de sa famille, de son foyer, maltraiter ses enfants, comme on a pu être maltraité dans son enfance et rejouer cette violence."
Mars,Maison,5,"On n'a pas senti l'amour du père envers soi en tant qu'homme, un frère a pu prendre sa place et avoir tout l'amour du père. Reconnaissance de soi difficile. Colère. On aura du mal à agir.","Karma de filiation. On a pu être un père très jeune et vivre sa paternité à travers la colère. Recherche de valorisation en s'affirmant démesurément, avec colère, dans le conflit."
Mars,Maison,6,"On somatise régulièrement parce-qu'on a peur de sa propre violence. Éruptions cutanées, inflammations, rejet dans le travail de ce qu'on considère vite comme de la domination.","On a pu avoir des problèmes autour de la santé, des passages à l'acte, de la violence envers soi-même, on a pu être interné dans la vie passée, vivre des agressions."
Mars,Maison,7,"Le rapport à l'amour est difficile et mal vécu. On ressent sans cesse un besoin de domination de la part de l'autre. Et on provoque paradoxalement parfois sa colère. Image des hommes violents, tyranniques, infidèles.",On vécu de la maltraitance dans son couple dans la vie antérieure ou c'est nous qui avons battu une femme.
Mars,Maison,8,"On a un intérêt pour l'occulte, c'est d'ailleurs la seule chose qui apaise notre tempérament colérique. On a un sentiment de violence interne et une fascination/répulsion pour le pouvoir.","Vie antérieure très chargée et très sombre, on a pu être dans un pouvoir total, très violent, tuer, agresser, du fait d'un sentiment de danger important. Vie dans l'occulte et la magie noire."
Mars,Maison,9,"S'élever socialement est difficile, on a la sensation de ne pas mériter les honneurs, la réussite. On peut travailler dans l'énergétique, pour canaliser ses instincts de colère.","On a été un seigneur, un maître, et on n'a pas hésité à appliquer la loi de façon déshumanisée. C'est l'image du bourreau, de l'inquisiteur."
Mars,Maison,10,"Nervosité excessive dans la sphère professionnelle, on ne supporte aucune frustration, aucun refus, aucune autorité, on a une ambition forte tout en se sabotant.","On a appliqué ses exigences à la force du poignet, combattu pour diriger, imposé son commandement absolu et son autorité."
Mars,Maison,11,"On peut avoir des phobies de toutes sortes et surtout des phobies de la foule et des groupes (agoraphobies), on a peur de toutes formes de violence et d'être en danger.","Ancien samouraï, mercenaire, baroudeur, aventurier, garde du corps, mafia, participant à des sectes ou à des groupes dont la vocation était de s'imposer dans la violence."
Mars,Maison,12,"Peurs sexuelles, fantasmes générant beaucoup de honte, la sexualité est ressentie comme honteuse. Désir d'action, de vivre, d'agir, en grande difficulté.","Vie de marginal, vie ancienne de mendiant, de paria, de vies où on a été trimbalé d'un endroit à un autre, en dehors de toute vie sociale, ou vie de prêtre missionnaire."
Mars,Signe,bélier,"On est dans une forme de violence et de colère intense, on bout à l'intérieur et on sent que l'explosion peut vite être vive, on peine à avancer par peur de sa colère.","Karma de guerrier, on a pu être soldat, faire la guerre. On tenait difficilement compte des autres, n'écoutant que ses propres désirs et son instinct."
Mars,Signe,taureau,"On vit avec une certaine violence les rapports sexuels, on abuse des plaisirs matériels et sensuels, on sent une fascination et un désir pour l'argent, on a des certitudes.","On a pu s'emparer des possessions des autres, pour son propre plaisir. On a été dans une certaine violence, colère, face à ce qu'on n'avait pas et que les autres avaient."
Mars,Signe,gémeaux,"Si on est un garçon, on a mal vécu cette place masculine, qui n'a pas été valorisée. Si on a eu un frère, on a pu ressentir de la colère vis-à-vis de lui, le trouver immature.","Karma avec les frères et soeurs, on a pu maltraiter un de ses frères, vivre un conflit avec lui. On a pu être un homme totalement dispersé en amour, utilisant les autres pour le sexe."
Mars,Signe,cancer,"La projection sur le masculin et le vécu de sa part masculine sont difficiles. On a du mal à se laisser aller à l'amour, aux sentiments, à être entreprenant dans les relations, à agir.","Karma familial. On n'a pas été reconnu en tant qu'homme au sein de sa famille, vécu d'humiliations, de dégradations, de rejet en tant qu'homme. Violence familiale."
Mars,Signe,lion,"Doute de soi, en tant qu'homme ou avec les hommes. Les hommes sont vus comme faisant tout ce qu'ils veulent, sont égoïstes. On ressent des pulsions fortes de désir.","Karma égotique. On a manqué de reconnaissance et valorisation égotique, alors on a tout ramené à soi, utilisé la domination pour être le meilleur."
Mars,Signe,vierge,"On a du mal à se positionner, à agir, à prendre les devants, tout en sentant en soi une grande colère, une agressivité.","Karma autour des soins : on a pu connaître des maladies difficiles, être interné, subir des agressions qui nous ont amené à des obligations de soin. On a pu passer à l'acte dans le cadre social."
Mars,Signe,balance,"On cherchera des hommes ou on sera soi-même pris dans un paradoxe entre domination sur l'autre et doute de soi, manque de positionnement véritable et d'engagement dans la relation. Colère dans le couple, rapport de conflits.","On cherché à cacher au nom des apparences un vécu violent dans le foyer, que nous en soyons l'auteur ou la victime."
Mars,Signe,scorpion,"On possède un certain magnétisme sexuel, mais le rapport au désir est difficile, on ressent des pulsions difficiles à contrôler. Peur de soi-même, fortes anxiétés.","On a été dans l'agressivité et la violence dans la vie passée, on a pu faire du mal aux autres. On a pu être dans des activités occultes, de magie noire."
Mars,Signe,sagittaire,"On doutera de ce que l'on vaut, de sa valeur, de ses mérites et on sera dans un auto-sabotage pour éviter d'agir, et donc par peur de l'échec, par peur d'être mis en avant.","On a dominé les autres pour son propre pouvoir personnel, en faisant du mal aux autres, on a arraché ses victoires En sagittaire par l'agression. Maître ou seigneur appliquant la justice."
Mars,Signe,capricorne,"Le désir sexuel est nié, on cherche à se rigidifier pour éviter les débordements. On est caractériel, nerveux, on supporte difficilement le commandement d'autrui.","On avait l'ambition d'être le dirigeant, le chef absolu, on a recherché une forme d'absolutisme, enn l'obtenant par la violence."
Mars,Signe,verseau,"On peut être dispersé sexuellement, dépersonnalisé niveau de son désir, recherchant les histoires sans lendemain. Hommes vus comme indépendants. Priorité à l'intellect.","On a pu participer à des groupes violents, être totalement instable socialement, marginal ou coureur de jupons, refusant toute règle collective."
Mars,Signe,poissons,"On fantasme l'amour et la sexualité mais la fuite semble souvent plus facile, plus rassurante alors on le vit dans son imaginaire.","Fantasme de la sexualité, déviances sexuelles, expériences sexuelles déviantes, on a pu être un homme fréquentant des prostituées."
JUPITER,signification,,"Jupiter rétrograde signe un karma lié à la réussite, la place sociale et la légitimité. Tu portes une mémoire d'excès dans des vies antérieures : tu as pris toute la place, abusé des plaisirs ou de ton pouvoir, puis tout perdu. Aujourd'hui, cette mémoire génère un profond sentiment d'illégitimité, un syndrome de l'imposteur et une peur de réussir par terreur de tout perdre à nouveau. Cette vie t'invite à apprendre la justesse, à te donner le droit d'exister pleinement et de profiter de la vie sans culpabilité, en trouvant l'équilibre entre expansion et retrait.",
Jupiter,Maison,1,"On une fascination pour la réussite, tout en ne se
l'autorisant pas. Identification à Jupiter rétrograde. On se sabote,
on a l'impression de ne pas mériter.","Image de soi grandiose, volontés de réussite
irréalisables, on a pu mentir et écraser les autres pour son intérêt
personnel. Bourgeoisie."
Jupiter,Maison,2,"Ambitions financières contrariées, on ne s'autorise
gagner de l'argent tout en étant parfois assez intéressé par
l'argent, on a du mal à donner.","Karma d'avidité. On a gardé pour soi tous ses
revenus, afin de sécuriser sa place. On a profité d'héritages, mais
on a pu tout perdre."
Jupiter,Maison,3," On n'utilise pas son éducation et les possibilités
éducatives reçues pour avoir une position sociale. Difficultés à faire
des études, problématique matérielle avec la fratrie.","Dette karmique matérielle avec la fratrie, on a pu
garder pour soi des héritages et laisser sa fratrie sans le sou.
Dispersion et gaspillage intellectuel."
Jupiter,Maison,4,"On peut gagner ses revenus à la maison. On n'a pas
eu le sentiment d'avoir de la place dans sa famille, d'être l'élément
différent, à part.","Karma familial. On a pris toute la place au sein du
foyer, seul nous comptait. Les autres servaient nos intérêts. On s'est
enrichi à travers sa position familiale."
Jupiter,Maison,5,"On n'a pas sa place dans ce monde, pas assez de
reconnaissance et on aura à coeur d'avoir des enfants pour leur
transmettre autre chose. On va devoir assumer ses enfants.","On n'a pas assumé ses enfants, on les a dépossédés.
On n'a pas été un bon tuteur ou éducateur à cause d'une course à la
reconnaissance."
Jupiter,Maison,6,"On aura du mal à se sentir mériter les honneurs, les
mérites, la réussite dans le métier. Foie fragile.","On a fait des excès niveau santé dans la vie passée
: nourriture, alcool, on s'est abîmé le foie. On a vécu de manière
excessive, abîmant notre corps. On a manqué de générosité avec les
autres, avec des principes rigides."
Jupiter,Maison,7,"On peut laisser à l'autre le soin de diriger sa propre
vie, tout en voulant toute la place dans la relation, et reprochant à
l'autre de trop en prendre.","On n'a pas laissé de place à l'autre dans les
relations. L'autre est devenu un instrument de valorisation égotique
et utilisé pour la réussite personnelle."
Jupiter,Maison,8," Image personnelle, orgueil dans la réussite qui va être
transformée, remise en question. Crise égotique, on va devoir
prendre en compte les autres, et regagner sa place.","Karma d'argent, de pouvoir personnel, exagération
du pouvoir personnel dans le rapport à l'autre. Très grand appétit
de représentation, au détriment des autres."
Jupiter,Maison,9,"S'élever socialement est difficile, on peut être dans un
excès égotique, dans la moralisation, accuser les autres d'avoir plus
que nous.","Ancien noble, bourgeois, on a bafoué les lois et tout
gardé pour soi. On s'est cru au dessus de toutes les lois, au dessus
des règles."
Jupiter,Maison,10,"Ambitions très fortes mais projets qui retombent, peur
de la réussite. On peut mener des projets rapides et intenses et
avoir du mal à les terminer.","Karma de réussite. On a rejeté la loi paternelle,
notre famille, et on a cherché à réussir par rancune envers ses
origines."
Jupiter,Maison,11,"On pourra être attiré par la vie associative, donner de
soi à l'humanité, bénévolement, pour résoudre la problématique de
générosité.","Rejet de la collectivité, pour vivre selon ses propres règles, on voulait être tout puissant, réussir tout en ne partageant pas avec la collectivité. On a volé la collectivité."
Jupiter,Maison,12,"Abnégation de ses propres besoins dans l'intérêt des
autres. Sens du don, sens large de la communication et de
l'éducation, présence et réponse immédiate.","Karma de don excessif, altruisme total, don de soi,
recherche spirituelle absolue et fantasmée. Malgré tout, meilleure
place de Jupiter R parce-que peut être élevé au sens spirituel."
Jupiter,Signe,bélier,"On va devoir gérer son rapport à la réussite en
soumettant ses actions aux jugements des autres, on a du mal à
savoir ce que l'on vaut, on a peur de réussir pleinement.","On a cherché à s'élever au-dessus des autres dans
un esprit combatif et guerrier, dans une volonté de toute puissance
égotique. On a pu mener des combats."
Jupiter,Signe,taureau," Il peut y avoir de l'avarice, des ambitions financières
contrariées. On peut rencontrer des gens qui ne tiennent pas
compte de nous.","On a profité d'argent dans son milieu familial, et on
l'a gardé pour soi, pour se sécuriser au maximum. Le pouvoir était une forme de sécurité mais on a pu tout perdre."
Jupiter,Signe,gémeaux,"On n'a pas eu le sentiment d'avoir de la place vis-à-vis
de sa fratrie. On a un sentiment d'inexistence. Difficultés pour les
études, dispersion.","Dette karmique avec la fratrie. On s'est dispersé au
niveau des études, au niveau intellectuel. Rejet du modèle éducatif
d'origine, gaspillage de ses acquis sociaux. Manque de construction."
Jupiter,Signe,cancer,"On a eu du mal à créer des liens dans sa famille.
Manque de liens à l'amour, à la sécurité. On peut gagner sa place et
sa vie à travers son foyer, sa famille.","Karma familial. On n'a pas réussi à créer de liens
proches avec les membres de son foyer, on a manqué de générosité,
on a eu le sentiment de ne pas être assez aimé dans sa famille."
Jupiter,Signe,lion,"Doute de soi, manque de confiance en soi, volonté de
puissance mais contrariée. On aura envie d'être reconnu, vu, et l'égo
posera problème en manque ou en excès.","On a pensé à soi, sa réussite, son prestige, vie de
seigneur, de noblesse, de bourgeoisie. On s'est détaché du coeur et
de l'amour, surtout vis-à-vis des enfants."
Jupiter,Signe,vierge," On aura besoin de faire les choses de manière justes,
mesurées, de se mettre au service de l'autre dans le détachement
égotique, pensant ne pas mériter les honneurs et réussites.","On a été dans des excès, notamment au niveau de
l'alcool et de la nourriture. On a demandé aux autres de nous servir,
de se mettre à notre service."
Jupiter,Signe,balance," Il y a un très grand désir de plaire et d'être reconnu.
Le risque est d'envahir l'espace de l'autre avec sa générosité, utilisée
pour acheter des mérites. Opportunisme.","Les mondanités comptaient plus que le reste,
l'apparence, l'image sociale. Obsession de la réputation. Noblesse à la cour. On a été très opportuniste dans la vie passée."
Jupiter,Signe,scorpion,"On remet en question son égo, on apprend à renoncer
aux acquis et à stabiliser sa recherche de reconnaissance. On va
apprendre à devenir plus humble.","On a abusé du pouvoir et de la manipulation pour
parvenir à ses fins et réussir, obtenir sa place sociale et de la
reconnaissance. On a pris aux autres."
Jupiter,Signe,sagittaire," On peut rechercher la spiritualité pour résoudre son
noeud karmique, sortir de son enfermement égotique. On peut
penser être le seul à détenir la vérité."," La justice n'était valable que pour soi-même, pas
pour les autres. On a bafoué la loi divine et humaine pour un
En enrichissement égoïste."
Jupiter,Signe,capricorne,"Limite l'ambition, on manque d'organisation, de
rigueur, parce-que tout peut nous ramener à un échec, on devra
trouver sa juste place au sein du métier.","On avait l'ambition d'être le dirigeant, le chef, et on
s'est rigidifié au nom de cette ambition. On est allé trop loin dans
cette recherche d'ambition."
Jupiter,Signe,verseau," On peut être attiré par le syndicalisme, le militantisme,
les causes humanitaires, qui sont un moyen de trouver une place au
sein de la société. Sentiment de différence.","On a vécu hors du collectif, on a pu voler, détourner
de l'argent, parce-que la société ne nous permettait pas d'avoir l'élévation que l'on méritait."
Jupiter,Signe,poissons,"Place de sauveur, don, générosité extrême, mais on
peut ne pas comprendre que les autres ne fassent pas pareil.
Lâcher prise et spiritualité.","Don excessif, altruisme, vie de spiritualité allant vers
les excès. On a pu avoir une vie de marginal, se faire escroquer,
parce-qu'on a trop donné de soi et on s'est fait avoir."
SATURNE,signification,,"Saturne rétrograde signe un karma lié au père, à la structure, aux limites et à l'autorité. Tu portes une mémoire de contrôle absolu dans des vies antérieures, où tu t'es imposé à toi-même et aux autres un cadre rigide fait d'obligations et de normes excessives. Aujourd'hui, cette mémoire génère soit un rejet total du cadre et des responsabilités, soit une hyper-rigidité pour te rassurer face à un manque profond de structure interne. Cette vie t'invite à construire ton propre cadre sain, à dépasser la relation blessée au père, et à trouver l'équilibre entre discipline libératrice et rigidité étouffante.",
Saturne,Maison,1,"On semble coincé dans ses vies précédentes. On
s'identifie à ses vies passées, on met en place une structure rigide
pour éviter de montrer sa vulnérabilité. On s'est identifié au père.
Vie antérieure: On a été dans l'extrême autorité dans la vie passée,"," On a été dans l'extrême autorité dans la vie passée,
on s'est identifié à son propre modèle paternel et on n'a pas su
pardonner aux autres à cause de principes rigides."
Saturne,Maison,2,"Ambitions financières difficiles à atteindre, on a des
anxiétés financières, des frustrations. Notre père pouvait mal gérer
les finances ou y penser sans arrêt.","Immobilisme total, seul comptait l'argent, le profit,
la sécurité matérielle amenée par la possession des richesses. On a
tout gardé pour soi sans donner aux autres par insécurité."
Saturne,Maison,3,"Difficultés avec la fratrie, on a pu être dans
l'obligation de s'en occuper, à la place d'un parent. Grande
dispersion intellectuelle.","On n'a pas assumé ses frères et soeurs, on n'a pas
tenu nos engagement et nos responsabilités. Refus de la
communication et du lien avec l'entourage. Froideur."
Saturne,Maison,4," Enfance mal vécue, rigidité absolue tout en ayant un
manque de cadre, punitions excessives et manque d'intérêt pour les
choses importantes. Abus de pouvoir d'un parent.","Karma familial. On n'a rien géré, laissant aux autres
le soin d'assumer sa famille, ses enfants, on a repris son propre
modèle paternel oppressant et rigide."
Saturne,Maison,5,"Rigidité et jugement vis-à-vis de ses propres désirs et
de ses émotions, de ses plaisirs, que nous refusons. Père décevant,
bridant, présent pendant les vacances et peu le reste du temps.","On n'a pas été un père pour ses propres enfants, on
les a négligés, utilisés pour se valoriser uniquement. On pensait à soi
avant tout."
Saturne,Maison,6," On aura tendance à avoir peur concernant sa santé,
somatiser. On refusera tout ordre et toute hiérarchie, le cadre est
perçu comme bridant sa créativité.","Mauvais usage de la santé, on s'est abîmé, mal
soigné. Ancienne vie de fonctionnaire, où on se mettait plus à son
propre service qu'au service des autres."
Saturne,Maison,7,"On construit le modèle du partenaire sur le modèle
paternel. On lui demande de prendre les responsabilités mais en
réalité on se sent rassuré en le ou la contrôlant.","Manque de loyauté dans les contrats. Trahisons
dans les associations d'affaire. Peu présent en tant que conjoint.e
dans les vies passées."
Saturne,Maison,8,"Difficulté à accéder à une véritable transformation
profonde, parce-que Saturne R agit comme un boulet. Cette volonté
de transformation est récupérée par le savoir, le mental.","On a pu pousser notre pouvoir dans un sens plus
sombre, en ayant du mal à se remettre en question, intellectualisant
tout, se justifiant par de la logique."
Saturne,Maison,9,"On supporte difficilement le jugement de l'autre,
source d'insécurité, ni que quelqu'un exerce le moindre pouvoir sur
soi. Père obsédé par sa place sociale, prenant beaucoup de place.","Dogmatisme et intolérance dans la vie passée. On
pu persécuter les autres au nom d'idées et d'idéaux, pouvoir
d'opinion et de jugement sur les autres dans une vie passée."
Saturne,Maison,10,"On progresse lentement professionnellement parcequ'on a peur des abus que l'on peut commettre, on a beaucoup de
mal à obéir à un employeur. Père très rigide.","Abus d'autorité ou au contraire fuite devant les
responsabilités. On a pu être dirigeant, froid avec ses employés,
avec sa famille, ne voyant que le travail et l'exécution."
Saturne,Maison,11,"On cherchera à contrôler les groupes d'amis. Dogmes
extrêmement rigides. On ne peut pas bouger de ses idées et visions
du monde.","On a utilisé ses amis pour servir ses ambitions
sociales, dans la froideur la plus grande. On s'est servi de groupes,
de personnes pour son pouvoir personnel."
Saturne,Maison,12,"Difficultés avec le père, qui a été absent, pas crédible,
pas présent, qui nous a abandonné, qui n'a pas tenu son rôle de
père du tout. Peur de rentrer dans le monde adulte.","Karma très lourd, vies antérieures très difficiles. On
a accumulé des dettes karmiques, et on doit arriver à la fin du cycle
en développant la compassion envers autrui."
Saturne,Signe,bélier,"Sentiment de ne pas avoir de base solide, structurante,
de ne pas avoir reçu de cadre, et de ne pas avoir pu exprimer sa
personnalité dans son enfance. Père bridant.","On mis en place une autorité auprès de sa famille,
mais dans la violence, le conflit, la colère. Personne ne devait nous résister. Personnalité rigide pour éviter la trahison."
Saturne,Signe,taureau,"Notre père travaillait beaucoup pour nourrir le foyer,
mais il n'a peut être pas été à la hauteur de la tâche. On est rempli
de certitudes, entêtement.","On a été dans le repli, l'immobilisme, on a gardé
pour soi ses acquis et on a pu finir par se retrouver tout seul, avec toutes nos possessions. Gestion de terres et de biens."
Saturne,Signe,gémeaux,"Père vu comme immature, père-copain, qui n'a pas
assuré à la maison. On a construit sa structure difficilement, on a du
mal à mener des projets à terme. Coupure avec la créativité.","On a pu vivre une séparation et on s'est accroché à
des dogmes et des idées intellectuelles pour combler la douleur de
cette séparation. On a cherché un cadre rassurant."
Saturne,Signe,cancer,"On craint sa propre vulnérabilité, on a peur de ses
émotions alors on met une structure rigide dessus, se coupant de ses
ressentis. Père qui n'a pas mis de cadre.","Karma familial. On s'est coupé de sa sensibilité et
on a bridé sa famille, refusant de donner son amour. On a fait vivre
une oppression permanente aux siens."
Saturne,Signe,lion,"Doute de soi, l'égo est sans cesse remis en question.
Notre père ne nous a pas valorisé, il était dans son monde, centré
sur lui-même. Impatience.","On a pas pu se décentrer et valoriser les autres. On
s'est coupé de son coeur, de ses sentiments, on n'a pas pu laisser la
place aux autres pour ne penser qu'au prestige."
Saturne,Signe,vierge," On aura du mal à donner, on se sentira vite dépossédé
en aidant quelqu'un. On sera plutôt rigide, tout en ayant
l'impression de vite perdre le contrôle.","On a été dans des excès, notamment au niveau de
l'alcool et de la nourriture. On a demandé aux autres de nous servir,
de se mettre à notre service."
Saturne,Signe,balance,"On cherche à contrôler les autres en général, à
contrôler son image. On peut adorer la sociabilité et l'instant
d'après la fuir. Père peu cadrant.","On pouvait cacher sa rigidité sous un vernis lisse,
passant bien devant les autres, mais on avait du mal à aimer
véritablement. "
Saturne,Signe,scorpion," Les anxiétés générées par ce placement vont donner
des problématiques de contrôle et de peur d'être contrôlé par la
manipulation. Père anxieux ou dangereux.","On a abusé du pouvoir et de la manipulation, on
voulait une certaine sécurité en défense au danger que
représentaient les autres."
Saturne,Signe,sagittaire,"Père très libre et envahissant. Il nous a transmis des
valeurs auxquelles nous n'adhérons pas forcément. On a peur de ne
pas avoir assez de place.","On a abusé de sa position et de son pouvoir pour
devenir encore plus rigide, par peur de se faire trahir, alors on a persécuté les autres."
Saturne,Signe,capricorne,"On sera à la fois dans le plein contrôle et dans le refus
des responsabilités. Père très rigide, froid, mais qui n'a pas su nous
transmettre la sécurité dont nous avions besoin.","On a pu être dans l'abus d'autorité, dans le plein
pouvoir, dans la froideur extrême, être chef de famille et décidant
de tout, pour tout le monde."
Saturne,Signe,verseau,"Père très froid et distant, excentrique, qui jouait son
personnage décalé. Père syndicaliste, militant. On mène des combats
sociaux de manière désorganisée. Dogmes rigides.","On s'est fixé le monde en terme de loi, de concepts,
on a pu l'appliquer de manière froide et détachée. On choisissait
des amis pour se faire valoir."
Saturne,Signe,poissons," Père qui n'a pas donné le cadre sécurisant, qui était
tout à sa sensibilité et peu structurant. On peut être dans l'hyper
rigidité tout comme fuir les responsabilités.","On a manqué de compassion, de dévouement
sincère. On a perdu le lien à sa spiritualité parce-qu'on met du
concret, du mental dessus."
URANUS,signification,,"Uranus rétrograde signe un karma lié à la liberté, l'indépendance et l'originalité. Tu portes une mémoire d'excès dans tes revendications et ta quête de liberté dans des vies antérieures : militantisme violent, refus de tout engagement, suprématie intellectuelle au détriment des émotions. Aujourd'hui, cette mémoire génère un besoin compulsif d'être différent.e pour exister, une intolérance à l'autorité, et un détachement émotionnel qui crée de la solitude. Cette vie t'invite à incarner une liberté mature, à accepter l'engagement sans le vivre comme une menace, et à reconnaître que ton unicité n'a pas besoin d'être prouvée pour être légitime.
Note : Uranus étant une planète lente, ces caractéristiques s'appliquent surtout si Uranus aspecte des planètes ou maisons identitaires, ou s'il est angulaire.",
Uranus,Maison,1,"On s'identifie à un personnage. Nous avons besoin d'être original, d'être unique, d'être fondamentalement différent. Alors on devient cet Uranien rétrograde, vivant dans la sphère intellectuelle, prônant l'anti-conformisme, mais se sentant aussi rejeté dans son identité profonde. Il y a une blessure de rejet impactant directement l'identité, et on peut souffrir de la solitude.","On a tout à fait été l'archétype de ce guerrier militant / gourou qui menait des combats idéologiques comme décrit précédemment. On a fait cavalier seul, persuadé d'être le seul à savoir, à pouvoir. On s'est complètement enfermé dans ce rôle, d'où la présence en maison 1. À priori, dans la vie antérieure, on a été dans l'incapacité de changer, de se remettre en question."
Uranus,Maison,2,"On aura du mal à se conformer au diktat social de devoir gagner sa vie, de se conformer à un travail, recherchant une indépendance que l'on ne s'autorise pas forcément à obtenir. On remet en question la notion même de métier. On sera dans une ambiguïté entre explosion des sécurités et recherche de stabilité, qui a tellement fait défaut dans la vie antérieure. On ne sait pas si on doit se conformer, se stabiliser, ou tout rejeter.","On a été dans le refus de l'insertion sociale, dans le refus d'être dans les modèles de base, dans le refus de gagner sa vie comme tout le monde. Les certitudes étaient bloquées, on était persuadé de devoir penser et vivre tout seul. On a pu hériter d'un bien, d'une propriété, et tout rejeter, y mettre du chaos."
Uranus,Maison,3,"On pourra ressentir des difficultés au sein de sa fratrie, des mésententes, un sentiment par exemple d'être un extraterrestre au sein de son entourage. Sentiment de différence également à l'école, parmi les autres enfants. On aura un mental tellement fort qu'on aura soit du mal à le canaliser, soit du mal à s'en servir dans les études. On sera soit un génie soit un marginal.","Nous étions dans une vie de dispersion intellectuelle, avec une idéalisation de la pensée et de l'esprit au détriment des émotions. Nous avions une vision idéaliste de la fraternité avec très peu de rapports véritables avec les frères et sœurs. C'est un karma de froideur sentimentale, de penseur qui vivait par concepts intellectuels."
Uranus,Maison,4,"Configuration très particulière illustrant un grand sentiment de différence dans sa famille d'origine. On est à part, non reconnu, non admis dans ce qu'on était. On devait se plier à des règles et rentrer dans le moule, chose à laquelle on peut difficilement se résoudre. Possibilité d'une profession libérale, chez soi, créative et porteuse d'expérience.","Fort égocentrisme dans le foyer, on s'était construit un territoire en étant l'unique à savoir les choses. On a pu refuser de se marier, et si on s'est marié, on a pu reprocher à son partenaire de nous avoir pris notre liberté, pour la reprendre violemment. On écrasait les autres de nos opinions, on ne donnait pas à l'autre le droit d'être qui il était, on ne l'autorisait pas à parler."
Uranus,Maison,5,"On peut se demander quel a été le vécu avec le père, qui pouvait être un personnage totalement excentrique, se revendiquant comme différent, à part. On a pu rejeter violemment le modèle du père. On devra retravailler ça possiblement en ayant des enfants qui vont nous confronter à une problématique égotique venant de la vie antérieure.","On a été un père comme on l'a connu dans la vie actuelle. On était le penseur, qui savait tout sur tout avec un égo démesuré (la maison 5 = égo), la bonne conscience des autres, qui refusait tout ce qui ressemblait à une norme. On ne s'occupait pas de ses enfants mais on s'occupait du monde entier. Suprématie intellectuelle."
Uranus,Maison,6,"On aura besoin d'être créatif pour éviter l'isolement total. On sera appelé à découvrir le sens du service, proposer quelque chose aux autres, mais dans une véritable humilité. On sera possiblement travailleur indépendant, ayant du mal à travailler en équipe, à supporter la hiérarchie. On aura du mal à accepter des normes professionnelles.","On a vécu à travers le service aux autres. On a été le grand bénévole, possiblement dans tout ce qui concerne la nature, les animaux, et on s'y est perdu à un moment donné parceque cette mise au service a fini par devenir une revalorisation égotique. On a voulu faire les choses seul, quitter les institutions où nous avions un rôle, pour faire les choses à notre manière."
Uranus,Maison,7,"On va rechercher des partenaires indépendants et libres, tout en vivant mal leur liberté. Ce sera une projection sur le couple. Nous aurons en réalité nous même des difficultés à intégrer notre propre indépendance, la sentant continuellement menacée par l'autre. On va rejeter l'autre dès qu'il y aura menace de perdre son indépendance. On séduit par la parole et le discours.","On a eu l'impression que l'autre ne nous écoutait pas. Amitiés brusques et soudaines, on a séduit par la parole, le discours, la philosophie. On avait un schéma répétitif: on jetait son dévolu sur quelqu'un et on rompait la relation brutalement quand on se sentait trop investi dans la relation et que l'émotion commençait à apparaitre. Menace de perdre son indépendance."
Uranus,Maison,8,"Il y a présence d'une mémoire karmique assez violente du fait de la rétrograde en maison 8. On décide dans sa vie de profondément remettre en question le rapport à sa liberté. On questionne quel est le sens d'être libre. On sentira une forme de violence interne, un deuil face à notre envie de changer le monde et bouleverser l'ordre établi. On comprend que ce n'est pas possible.","On a été un grand anarchiste, un révolutionnaire, on porte un karma de mort pour ses idées. On ne croyait qu'à son idéologie propre, suprématie idéologique. On a voulu changer le monde, souvent à coups de bombes ou à coups de paroles très violentes. On portait une haine féroce pour toutes formes d'oppression et on a mourir ou cours de nos activités militantes."
Uranus,Maison,9,"On a besoin d'être reconnu, mais on porte en soi un grand manque de confiance en soi et en son intelligence, il s 'agit d'un complexe de supériorité issu de la vie antérieure et qui poussé au maximum devient un complexe d'infériorité. On porte un idéal du moi mais on se sent complètement différent. On est en doute permanent par rapport à la norme, par rapport au système saturnien. On pense très différemment.","On était dans une grande supériorité intellectuelle, et on s'est isolé, faute de pouvoir communiquer avec les autres. On faisait cavalier seul, ne croyant que nous-même. On a rompu avec les autres ce qui a engendré un sentiment d'infériorité. On n'a pas réussi à dire les choses dans leur vérité."
Uranus,Maison,10,"Possible profession libérale indépendante ou activité indépendante au sein de l'entreprise, où la personne est reconnue intellectuellement pour ses capacités. On peut mettre du temps à trouver sa voie professionnelle, et on éprouve des difficultés à travailler en équipe, tout en le recherchant. On cherche à défendre nos droits au sein de l'entreprise, tout en ne voulant pas diriger. Image d'une famille excentrique, où on se sentait à part. On peut rejeter le modèle paternel, ou se sentir en rupture avec.","On a été un patron, un directeur, on dirigeait les autres sans les prendre réellement en compte. On n'aimait pas diriger mais on voulait quand même être leader. Ambiguïté dans sa posture de chef. On revendique sa différence si angulaire."
Uranus,Maison,11,"On ressentira le deuil à faire de cette vie de penseur militant, voulant se préoccuper de la marche du monde tout en fuyant cet univers, par peur. On aura des difficultés dans son rapport au groupe et aux amitiés, voulant être différent, n'adhérant pas complètement à un groupe tout en se sentant seul, ayant le projet de se lier au collectif d'une autre façon.","Karma de groupes secrets, loges, groupes de recherches, échangeant des idées, on pensait le monde et on avait des idées pour le monde. Si la planète est dissonante, on ne passait pas à l'action, par peur, parce-qu'on avait déjà échoué. Alors on se réunissait dans l'entre-soi de ce sentiment de différence. Grand sentiment de solitude."
Uranus,Maison,12,"On ressent le poids d'une solitude et d'un isolement. On a un sentiment d'inexistence. Dans le transgénérationnel, vécu de rejet, on n'a pas pu exister dans son individualité, dans sa famille. Mais c'est un sujet transmis entre les générations. On s'empêche d'être libre, ayant besoin d'être accepté, on peut maintenir des enfermements dans des relations, des situations.","On a pu passer de nombreuses années en prison, et ne jamais avoir comblé un besoin profond de reconnaissance. On a aussi pu complètement s'exclure du monde, vivre dans une incapacité sociale totale, l'adaptation étant impossible. On a pu côtoyer la folie, perdre la tête, se perdre dans un besoin absolu d'un sentiment missionnaire impossible à résoudre."
Uranus,Signe,bélier,"On s'identifie à un personnage. Nous avons besoin d'être original, d'être unique, d'être fondamentalement différent. Alors on devient cet Uranien rétrograde, vivant dans la sphère intellectuelle, prônant l'anti-conformisme, mais se sentant aussi rejeté dans son identité profonde. Il y a une blessure de rejet impactant directement l'identité, et on peut souffrir de la solitude.","On a tout à fait été l'archétype de ce guerrier militant / gourou qui menait des combats idéologiques comme décrit précédemment. On a fait cavalier seul, persuadé d'être le seul à savoir, à pouvoir. On s'est complètement enfermé dans ce rôle, d'où la présence en maison 1. À priori, dans la vie antérieure, on a été dans l'incapacité de changer, de se remettre en question."
Uranus,Signe,taureau,"On aura du mal à se conformer au diktat social de devoir gagner sa vie, de se conformer à un travail, recherchant une indépendance que l'on ne s'autorise pas forcément à obtenir. On remet en question la notion même de métier. On sera dans une ambiguïté entre explosion des sécurités et recherche de stabilité, qui a tellement fait défaut dans la vie antérieure. On ne sait pas si on doit se conformer, se stabiliser, ou tout rejeter.","On a été dans le refus de l'insertion sociale, dans le refus d'être dans les modèles de base, dans le refus de gagner sa vie comme tout le monde. Les certitudes étaient bloquées, on était persuadé de devoir penser et vivre tout seul. On a pu hériter d'un bien, d'une propriété, et tout rejeter, y mettre du chaos."
Uranus,Signe,gémeaux,"On pourra ressentir des difficultés au sein de sa fratrie, des mésententes, un sentiment par exemple d'être un extraterrestre au sein de son entourage. Sentiment de différence également à l'école, parmi les autres enfants. On aura un mental tellement fort qu'on aura soit du mal à le canaliser, soit du mal à s'en servir dans les études. On sera soit un génie soit un marginal.","Nous étions dans une vie de dispersion intellectuelle, avec une idéalisation de la pensée et de l'esprit au détriment des émotions. Nous avions une vision idéaliste de la fraternité avec très peu de rapports véritables avec les frères et sœurs. C'est un karma de froideur sentimentale, de penseur qui vivait par concepts intellectuels."
Uranus,Signe,cancer,"Configuration très particulière illustrant un grand sentiment de différence dans sa famille d'origine. On est à part, non reconnu, non admis dans ce qu'on était. On devait se plier à des règles et rentrer dans le moule, chose à laquelle on peut difficilement se résoudre. Possibilité d'une profession libérale, chez soi, créative et porteuse d'expérience.","Fort égocentrisme dans le foyer, on s'était construit un territoire en étant l'unique à savoir les choses. On a pu refuser de se marier, et si on s'est marié, on a pu reprocher à son partenaire de nous avoir pris notre liberté, pour la reprendre violemment. On écrasait les autres de nos opinions, on ne donnait pas à l'autre le droit d'être qui il était, on ne l'autorisait pas à parler."
Uranus,Signe,lion,"On peut se demander quel a été le vécu avec le père, qui pouvait être un personnage totalement excentrique, se revendiquant comme différent, à part. On a pu rejeter violemment le modèle du père. On devra retravailler ça possiblement en ayant des enfants qui vont nous confronter à une problématique égotique venant de la vie antérieure.","On a été un père comme on l'a connu dans la vie actuelle. On était le penseur, qui savait tout sur tout avec un égo démesuré (la maison 5 = égo), la bonne conscience des autres, qui refusait tout ce qui ressemblait à une norme. On ne s'occupait pas de ses enfants mais on s'occupait du monde entier. Suprématie intellectuelle."
Uranus,Signe,vierge,"On aura besoin d'être créatif pour éviter l'isolement total. On sera appelé à découvrir le sens du service, proposer quelque chose aux autres, mais dans une véritable humilité. On sera possiblement travailleur indépendant, ayant du mal à travailler en équipe, à supporter la hiérarchie. On aura du mal à accepter des normes professionnelles.","On a vécu à travers le service aux autres. On a été le grand bénévole, possiblement dans tout ce qui concerne la nature, les animaux, et on s'y est perdu à un moment donné parceque cette mise au service a fini par devenir une revalorisation égotique. On a voulu faire les choses seul, quitter les institutions où nous avions un rôle, pour faire les choses à notre manière."
Uranus,Signe,balance,"On va rechercher des partenaires indépendants et libres, tout en vivant mal leur liberté. Ce sera une projection sur le couple. Nous aurons en réalité nous même des difficultés à intégrer notre propre indépendance, la sentant continuellement menacée par l'autre. On va rejeter l'autre dès qu'il y aura menace de perdre son indépendance. On séduit par la parole et le discours.","On a eu l'impression que l'autre ne nous écoutait pas. Amitiés brusques et soudaines, on a séduit par la parole, le discours, la philosophie. On avait un schéma répétitif: on jetait son dévolu sur quelqu'un et on rompait la relation brutalement quand on se sentait trop investi dans la relation et que l'émotion commençait à apparaitre. Menace de perdre son indépendance."
Uranus,Signe,scorpion,"Il y a présence d'une mémoire karmique assez violente du fait de la rétrograde en maison 8. On décide dans sa vie de profondément remettre en question le rapport à sa liberté. On questionne quel est le sens d'être libre. On sentira une forme de violence interne, un deuil face à notre envie de changer le monde et bouleverser l'ordre établi. On comprend que ce n'est pas possible.","On a été un grand anarchiste, un révolutionnaire, on porte un karma de mort pour ses idées. On ne croyait qu'à son idéologie propre, suprématie idéologique. On a voulu changer le monde, souvent à coups de bombes ou à coups de paroles très violentes. On portait une haine féroce pour toutes formes d'oppression et on a mourir ou cours de nos activités militantes."
Uranus,Signe,sagittaire,"On a besoin d'être reconnu, mais on porte en soi un grand manque de confiance en soi et en son intelligence, il s 'agit d'un complexe de supériorité issu de la vie antérieure et qui poussé au maximum devient un complexe d'infériorité. On porte un idéal du moi mais on se sent complètement différent. On est en doute permanent par rapport à la norme, par rapport au système saturnien. On pense très différemment.","On était dans une grande supériorité intellectuelle, et on s'est isolé, faute de pouvoir communiquer avec les autres. On faisait cavalier seul, ne croyant que nous-même. On a rompu avec les autres ce qui a engendré un sentiment d'infériorité. On n'a pas réussi à dire les choses dans leur vérité."
Uranus,Signe,capricorne,"Possible profession libérale indépendante ou activité indépendante au sein de l'entreprise, où la personne est reconnue intellectuellement pour ses capacités. On peut mettre du temps à trouver sa voie professionnelle, et on éprouve des difficultés à travailler en équipe, tout en le recherchant. On cherche à défendre nos droits au sein de l'entreprise, tout en ne voulant pas diriger. Image d'une famille excentrique, où on se sentait à part. On peut rejeter le modèle paternel, ou se sentir en rupture avec.","On a été un patron, un directeur, on dirigeait les autres sans les prendre réellement en compte. On n'aimait pas diriger mais on voulait quand même être leader. Ambiguïté dans sa posture de chef. On revendique sa différence si angulaire."
Uranus,Signe,verseau,"On ressentira le deuil à faire de cette vie de penseur militant, voulant se préoccuper de la marche du monde tout en fuyant cet univers, par peur. On aura des difficultés dans son rapport au groupe et aux amitiés, voulant être différent, n'adhérant pas complètement à un groupe tout en se sentant seul, ayant le projet de se lier au collectif d'une autre façon.","Karma de groupes secrets, loges, groupes de recherches, échangeant des idées, on pensait le monde et on avait des idées pour le monde. Si la planète est dissonante, on ne passait pas à l'action, par peur, parce-qu'on avait déjà échoué. Alors on se réunissait dans l'entre-soi de ce sentiment de différence. Grand sentiment de solitude."
Uranus,Signe,poissons,"On ressent le poids d'une solitude et d'un isolement. On a un sentiment d'inexistence. Dans le transgénérationnel, vécu de rejet, on n'a pas pu exister dans son individualité, dans sa famille. Mais c'est un sujet transmis entre les générations. On s'empêche d'être libre, ayant besoin d'être accepté, on peut maintenir des enfermements dans des relations, des situations.","On a pu passer de nombreuses années en prison, et ne jamais avoir comblé un besoin profond de reconnaissance. On a aussi pu complètement s'exclure du monde, vivre dans une incapacité sociale totale, l'adaptation étant impossible. On a pu côtoyer la folie, perdre la tête, se perdre dans un besoin absolu d'un sentiment missionnaire impossible à résoudre."
NEPTUNE,signification,,"Neptune rétrograde signe un karma lié à la spiritualité, aux addictions et à la fuite. Tu portes une mémoire d'abus de substances, de confusion et de déresponsabilisation dans des vies antérieures, où tu as fui le réel par manque de cadre et de limites. Aujourd'hui, cette mémoire génère une forte réceptivité incontrôlable, un rôle de sauveur où tu te dépersonnalises pour l'autre, et une quête de fusion amoureuse qui mène à l'abandon de soi. Cette vie t'invite à sortir de la confusion et des désillusions, à te connaître véritablement au-delà des attentes des autres, et à incarner une spiritualité saine qui n'est ni fuite ni sacrifice de ton identité.
Note : Neptune étant une planète lente, ces caractéristiques s'appliquent surtout si Neptune aspecte des planètes ou maisons identitaires, ou s'il est angulaire.",
Neptune,Maison,1,"Donne un grand sentiment de dépersonnalisation, on cherche à s'adapter pour être aimé, syndrome du caméléon, du buvard, quête du pardon. Problèmes possibles avec la mère. Je n'existe pas, je ne sais pas qui je suis. Plus c'est proche de l'ascendant plus il y a dépersonnalisation et recherche de modèle d'adaptation simplement pour être aimé. Sentiment d'être l'éternel fautif.","On été ce grand gourou spirituel ou artiste sacrificiel, en sauveur du monde entier. L'égo était valorisé par le don de soi total, se niant soi-même dans sa grande quête de dépersonnalisation. Sauf qu'on a culpabilisé soi-même les autres. On a pu être une mère sacrificielle et culpabilisante."
Neptune,Maison,2,"Comportement très matérialiste, dans une certaine exigence. Karma de manque d'amour, difficultés possibles avec la mère. On a un rapport aux finances très ambigu: refus d'en avoir, angoisses de ne pas en avoir assez. On manque toujours de tout. On se sent profondément en insécurité.","On a été celui qui n'a rien donné, qui a tout pris, en se fabriquant une personnalité sociale pour bien paraître. Comportement extrêmement matérialiste. Donnant donnant. On exige son dû, mais en réalité c'est l'amour que nous n'avons pas reçu qui est manquant. On a pas pu débloquer ça sur le plan émotionnel et travailler sur ses rapports avec sa mère. Tendance à faire des leçons de morale."
Neptune,Maison,3,"On risque d'avoir un comportement sacrificiel auprès des frères et soeurs. On a pu être dans l'obligation de les élever, de les prendre en charge. Position d'infériorité dans la famille. Sentiment d'abandon dans sa famille, sa fratrie, et en même temps besoin de fusion. Mental peu clair, embrouillé, surtout si aspects dissonants à Mercure.","On a sacrifié sa vie, comme ne pas se marier et être chargé d'élever les petits frères et sœurs. Vie ancienne de religieuse, dans la dévotion avec un sentiment d'humiliation, ne s'octroyant plus de personnalité ou de droits humains. Dépersonnalisation de soi. Vies de couvent à ne pas avoir le sentiment de faire partie du groupe."
Neptune,Maison,4,"Enfance difficile, peu de cadre et de sécurité, abandon, flou concernant les limites et règles familiales, concernant ses origines. Déni familiale de tous les problèmes existants. Culpabilité, chantage affectif, dépendance. Peu de cadre à la maison, possiblement alcool dans la famille. Posture sacrificielle d'un membre de la famille, selon aspects à Neptune. On a l'impression d'être venu dans un monde étranger ou personne ne nous comprendra jamais. Décéptions.","Manque d'un foyer, on a pu être abandonné, confié à d'autres personnes, on a été très malheureux, sans personne pour s'occuper de nous, ou avec un sesqui-carré à Mercure, nous avons abandonné nos enfants dans une vie passée."
Neptune,Maison,5,"Mental rigide qui affirme ses vérités, on peut faire de la moralisation aux autres. Problématique avec l'image de soi « il faut que je présente de moi une bonne image » parce que fondamentalement on a du mal à s'aimer. On est déçu de soi-même. Déceptions vis-à-vis du père.","On a été un enfant abandonné, et on a souffert d'une grande position d'infériorité. On a pu aussi abandonner ses enfants, les nier, les rejeter pour ne penser qu'à soi-même. C'est exclusivement le plaisir personnel sans discernement, sans aucune attention pour les autres. Possibilité de prostitution dans la vie antérieure parce-que nous avions une image de soi extrêmement dégradée, malveillance envers soi-même."
Neptune,Maison,6,"Hypersensibilité aux ambiances, tous les corps subtils sont très abîmés, très perturbés et donc ils ne sont pas capables de faire le tri au niveau des impressions. On peut avoir une tendance somatiser fortement, c'est le corps qui prend le relais émotionnel. La vie professionnelle est difficile, on a du mal à se responsabiliser (peut donner une tendance à vivre aux frais de la collectivité). Parce-qu'on a le sentiment de ne pas avoir le droit d'être reconnu.","On a abusé de la drogue, de l'alcool, de somnifères. On s'est mis soi-même en incapacité, au banc de la société, dans le but d'être porté par les autres, s'empêchant toute affirmation de soi. Dilution de la personnalité. Méfiance envers l'autre qui ne nous aime pas suffisamment. On ne mérite pas l'amour."
Neptune,Maison,7,"On peut être très dépendant des autres, parce-qu'en grande demande d'amour. On est pourtant méfiant en vers les autres qui peuvent tout à fait nous faire souffrir et nous décevoir. Jugements très durs envers les autres (maison d'air). On n'a foi en personne, rigidité de la pensée. ""Il faut répondre aux attentes, faire ce que demande l'autre"" pour être aimé.","On a existé à travers l'amour par manque d'appuis familiaux. On s'est mis en dépendance aussi bien matériellement que psychologiquement. On n'arrivait pas à faire seul. On a acheté l'amour de l'autre en le sauvant. Mariage peu construit, peu investi, on s'est enfermé dans une déception et une posture victime. On est resté bloqué toute sa vie passée dans cette déception."
Neptune,Maison,8,"On peut verser dans une spiritualité sans limites, et imposer aux autres ses croyances. On devient médium ou on en fréquente beaucoup, ne jurant que par le spirituel. Possible consommation de drogues pour l'expérience mystique. La psychologie nous intéresse, on apprend à structurer cette recherche puisque l'on s'intéresse aux mécanismes de l'invisible, et on peut s'intéresser aussi aux mécanismes de l'inconscient. Perturbations au niveau de la sexualité.","Délire mystique, envoûtement, magie, flou insaisissable, croyance fanatique. On a imposé aux autres avec beaucoup de brutalité ses croyances. Extrême rigidité des principes et des idées. On a pu être vaudou, persécuté par l'invisible."
Neptune,Maison,9,"On peut être dans une foi aveugle ou au contraire ça peut donner un rationnel pur, un esprit scientifique qui refuse de s'approcher de quoi que ce soit d'irrationnel. Intérêt pour la spiritualité afin de toute rejeter en bloc, surtout si Saturne est impliqué. Peur panique de tout ce qu'on ne maîtrise pas. On aime enseigner ses vérités, et on peut rester dogmatique sur ses croyances.","On n'était pas dans de la compassion spirituelle mais dans le combat de croyances. C'est la figure de l'inquisiteur qui a pu persécuter les autres au niveau de la foi, croyant posséder la vérité, surtout si Neptune mal aspecté, en lien avec Mars. Suprématie de ses croyances, de ses idéaux sur les autres."
Neptune,Maison,10,"On ressent des difficultés à trouver sa place et sa mission, sa voie professionnelle. On voit le travail comme une mission, et en même temps on veut gagner confortablement sa vie. On va peu travailler parce-qu'on a le sentiment que le monde ne veut pas de nous, et ne nous reconnait pas (si mal aspecté). Peur de l'exploitation, on saisit des occasions pour changer de poste, ne se sentant jamais assez aimé. On évite les responsabilités.","On a évité de se positionner en adulte responsable avec cette configuration. On a évité l'engagement, les responsabilité, on a été pris en charge par les autres par sentiment d'incapacité. Le monde extérieur semblait ne pas nous aimer, alors on est resté dans le giron familial."
Neptune,Maison,11,"On va devoir développer de la compassion envers les autres dans cette vie, car on porte un karma de trahison et donc de méfiance envers les autres. Risque de confondre ses idéaux avec ceux de la collectivité, ses rêves personnels avec un rôle de bienfaiteur pour les autres. On va devoir réhabiliter notre rapport à nos enfants, se connecter à l'amour pour ses enfants.","Groupes de prières, associations de bienveillance, intolérance envers les autres. On a pu être un traître, celui qui a trahi ses amis dans une quête d'idéal, et on a exploité les autres, menti, trahi, utilisé les autres. On a pu exploiter la collectivité, les idéaux des autres, l'amitié. On a pu avoir des enfants que nous n'avons pas reconnus, car le verseau ne s'engage pas affectivement."
Neptune,Maison,12,"On va devoir se connecter à la compassion, à ses enfants, aux autres, sans jugement. On a pu être confronté (soi même ou dans sa famille) à l'alcoolisme. Spiritualité fantasmée. Histoire d'abandon transmise au niveau transgénérationnel. Sentiment d'abandon de la part du monde, de sa famille. C'est la question de lâcher prise, de lâcher sur ses résistances, ses illusions, se confronter à la réalité.","Maladie mentale, incapacité. Auto dépréciation, auto destruction. Mutisme avec une dissonance à Mercure, autisme avec complication à Saturne. On a pu déformer ses corps subtils en versant dans les addictions. On a pu aller très loin dans l'archétype neptunien R: addictions, vagabondage, spiritualité excessive..."
Neptune,Signe,bélier,"Donne un grand sentiment de dépersonnalisation, on cherche à s'adapter pour être aimé, syndrome du caméléon, du buvard, quête du pardon. Problèmes possibles avec la mère. Je n'existe pas, je ne sais pas qui je suis. Plus c'est proche de l'ascendant plus il y a dépersonnalisation et recherche de modèle d'adaptation simplement pour être aimé. Sentiment d'être l'éternel fautif.","On été ce grand gourou spirituel ou artiste sacrificiel, en sauveur du monde entier. L'égo était valorisé par le don de soi total, se niant soi-même dans sa grande quête de dépersonnalisation. Sauf qu'on a culpabilisé soi-même les autres. On a pu être une mère sacrificielle et culpabilisante."
Neptune,Signe,taureau,"Comportement très matérialiste, dans une certaine exigence. Karma de manque d'amour, difficultés possibles avec la mère. On a un rapport aux finances très ambigu: refus d'en avoir, angoisses de ne pas en avoir assez. On manque toujours de tout. On se sent profondément en insécurité.","On a été celui qui n'a rien donné, qui a tout pris, en se fabriquant une personnalité sociale pour bien paraître. Comportement extrêmement matérialiste. Donnant donnant. On exige son dû, mais en réalité c'est l'amour que nous n'avons pas reçu qui est manquant. On a pas pu débloquer ça sur le plan émotionnel et travailler sur ses rapports avec sa mère. Tendance à faire des leçons de morale."
Neptune,Signe,gémeaux,"On risque d'avoir un comportement sacrificiel auprès des frères et soeurs. On a pu être dans l'obligation de les élever, de les prendre en charge. Position d'infériorité dans la famille. Sentiment d'abandon dans sa famille, sa fratrie, et en même temps besoin de fusion. Mental peu clair, embrouillé, surtout si aspects dissonants à Mercure.","On a sacrifié sa vie, comme ne pas se marier et être chargé d'élever les petits frères et sœurs. Vie ancienne de religieuse, dans la dévotion avec un sentiment d'humiliation, ne s'octroyant plus de personnalité ou de droits humains. Dépersonnalisation de soi. Vies de couvent à ne pas avoir le sentiment de faire partie du groupe."
Neptune,Signe,cancer,"Enfance difficile, peu de cadre et de sécurité, abandon, flou concernant les limites et règles familiales, concernant ses origines. Déni familiale de tous les problèmes existants. Culpabilité, chantage affectif, dépendance. Peu de cadre à la maison, possiblement alcool dans la famille. Posture sacrificielle d'un membre de la famille, selon aspects à Neptune. On a l'impression d'être venu dans un monde étranger ou personne ne nous comprendra jamais. Décéptions.","Manque d'un foyer, on a pu être abandonné, confié à d'autres personnes, on a été très malheureux, sans personne pour s'occuper de nous, ou avec un sesqui-carré à Mercure, nous avons abandonné nos enfants dans une vie passée."
Neptune,Signe,lion,"Mental rigide qui affirme ses vérités, on peut faire de la moralisation aux autres. Problématique avec l'image de soi « il faut que je présente de moi une bonne image » parce que fondamentalement on a du mal à s'aimer. On est déçu de soi-même. Déceptions vis-à-vis du père.","On a été un enfant abandonné, et on a souffert d'une grande position d'infériorité. On a pu aussi abandonner ses enfants, les nier, les rejeter pour ne penser qu'à soi-même. C'est exclusivement le plaisir personnel sans discernement, sans aucune attention pour les autres. Possibilité de prostitution dans la vie antérieure parce-que nous avions une image de soi extrêmement dégradée, malveillance envers soi-même."
Neptune,Signe,vierge,"Hypersensibilité aux ambiances, tous les corps subtils sont très abîmés, très perturbés et donc ils ne sont pas capables de faire le tri au niveau des impressions. On peut avoir une tendance somatiser fortement, c'est le corps qui prend le relais émotionnel. La vie professionnelle est difficile, on a du mal à se responsabiliser (peut donner une tendance à vivre aux frais de la collectivité). Parce-qu'on a le sentiment de ne pas avoir le droit d'être reconnu.","On a abusé de la drogue, de l'alcool, de somnifères. On s'est mis soi-même en incapacité, au banc de la société, dans le but d'être porté par les autres, s'empêchant toute affirmation de soi. Dilution de la personnalité. Méfiance envers l'autre qui ne nous aime pas suffisamment. On ne mérite pas l'amour."
Neptune,Signe,balance,"On peut être très dépendant des autres, parce-qu'en grande demande d'amour. On est pourtant méfiant en vers les autres qui peuvent tout à fait nous faire souffrir et nous décevoir. Jugements très durs envers les autres (maison d'air). On n'a foi en personne, rigidité de la pensée. ""Il faut répondre aux attentes, faire ce que demande l'autre"" pour être aimé.","On a existé à travers l'amour par manque d'appuis familiaux. On s'est mis en dépendance aussi bien matériellement que psychologiquement. On n'arrivait pas à faire seul. On a acheté l'amour de l'autre en le sauvant. Mariage peu construit, peu investi, on s'est enfermé dans une déception et une posture victime. On est resté bloqué toute sa vie passée dans cette déception."
Neptune,Signe,scorpion,"On peut verser dans une spiritualité sans limites, et imposer aux autres ses croyances. On devient médium ou on en fréquente beaucoup, ne jurant que par le spirituel. Possible consommation de drogues pour l'expérience mystique. La psychologie nous intéresse, on apprend à structurer cette recherche puisque l'on s'intéresse aux mécanismes de l'invisible, et on peut s'intéresser aussi aux mécanismes de l'inconscient. Perturbations au niveau de la sexualité.","Délire mystique, envoûtement, magie, flou insaisissable, croyance fanatique. On a imposé aux autres avec beaucoup de brutalité ses croyances. Extrême rigidité des principes et des idées. On a pu être vaudou, persécuté par l'invisible."
Neptune,Signe,sagittaire,"On peut être dans une foi aveugle ou au contraire ça peut donner un rationnel pur, un esprit scientifique qui refuse de s'approcher de quoi que ce soit d'irrationnel. Intérêt pour la spiritualité afin de toute rejeter en bloc, surtout si Saturne est impliqué. Peur panique de tout ce qu'on ne maîtrise pas. On aime enseigner ses vérités, et on peut rester dogmatique sur ses croyances.","On n'était pas dans de la compassion spirituelle mais dans le combat de croyances. C'est la figure de l'inquisiteur qui a pu persécuter les autres au niveau de la foi, croyant posséder la vérité, surtout si Neptune mal aspecté, en lien avec Mars. Suprématie de ses croyances, de ses idéaux sur les autres."
Neptune,Signe,capricorne,"On ressent des difficultés à trouver sa place et sa mission, sa voie professionnelle. On voit le travail comme une mission, et en même temps on veut gagner confortablement sa vie. On va peu travailler parce-qu'on a le sentiment que le monde ne veut pas de nous, et ne nous reconnait pas (si mal aspecté). Peur de l'exploitation, on saisit des occasions pour changer de poste, ne se sentant jamais assez aimé. On évite les responsabilités.","On a évité de se positionner en adulte responsable avec cette configuration. On a évité l'engagement, les responsabilité, on a été pris en charge par les autres par sentiment d'incapacité. Le monde extérieur semblait ne pas nous aimer, alors on est resté dans le giron familial."
Neptune,Signe,verseau,"On va devoir développer de la compassion envers les autres dans cette vie, car on porte un karma de trahison et donc de méfiance envers les autres. Risque de confondre ses idéaux avec ceux de la collectivité, ses rêves personnels avec un rôle de bienfaiteur pour les autres. On va devoir réhabiliter notre rapport à nos enfants, se connecter à l'amour pour ses enfants.","Groupes de prières, associations de bienveillance, intolérance envers les autres. On a pu être un traître, celui qui a trahi ses amis dans une quête d'idéal, et on a exploité les autres, menti, trahi, utilisé les autres. On a pu exploiter la collectivité, les idéaux des autres, l'amitié. On a pu avoir des enfants que nous n'avons pas reconnus, car le verseau ne s'engage pas affectivement."
Neptune,Signe,poissons,"On va devoir se connecter à la compassion, à ses enfants, aux autres, sans jugement. On a pu être confronté (soi même ou dans sa famille) à l'alcoolisme. Spiritualité fantasmée. Histoire d'abandon transmise au niveau transgénérationnel. Sentiment d'abandon de la part du monde, de sa famille. C'est la question de lâcher prise, de lâcher sur ses résistances, ses illusions, se confronter à la réalité.","Maladie mentale, incapacité. Auto dépréciation, auto destruction. Mutisme avec une dissonance à Mercure, autisme avec complication à Saturne. On a pu déformer ses corps subtils en versant dans les addictions. On a pu aller très loin dans l'archétype neptunien R: addictions, vagabondage, spiritualité excessive..."
PLUTON,signification,,,
Pluton,Maison,1,"Il y a un travail de désidentification à faire avec
Pluton, pour ne plus s'associer à ce personnage ancien.
On a été ce personnage plutonien et on revient avec ce souvenir
karmique. On peut ressentir de nombreuses anxiétés, avoir des
peurs, ressentir de l'insécurité, voire du danger.
On peut se mettre facilement en colère, ressentir de la persécution
de la part des autres. Médiumnité."," On a été paranoïaque et mégalomane dans la vie
antérieure. On a été ce personnage plutonien rétrograde, on s'est
identifié au côté sombre de Pluton: peurs, anxiétés, pouvoir,
violence interne.
On a pu persécuter les autres, par volonté de pouvoir, de puissance."
Pluton,Maison,2,"Anxiété financière, problèmes d'argent, peur de ne
en avoir assez, profond sentiment d'insécurité. Dans l'enfance,
l'argent pouvait manquer, l'argent était une préoccupation
importante. On a pu connaître des périodes difficiles
pas
ΛΑΛΛΛΛΛΛΛΛΑ
financièrement. Le sentiment de sécurité n'a pas été transmis dans
l'enfance.","Karma de vol financier, on a volé, on a usurpé.
L'argent était source de pouvoir et on a cherché à s'approprier des
biens matériels, afin de gagner en puissance. On s'est coupé de ses
proches, de sa vie affective, à cause d'une certaine violence. On
ressentait de l'insécurité qui nous a conduit à ce type de
comportement."
Pluton,Maison,3,"Dans cette vie on a une peur panique de l'esprit de
revanche des frères et sœurs. On leur cède le terrain sans se battre.
On a tellement peur de devenir violent ou destructeur vis-à-vis d'eux
que souvent on préfère renoncer avant même que d'avoir demandé.
On peut renoncer à un héritage au profit de ses frères et soeurs.
Avec un indice de sexualité avec Mars ou Vénus, un rapport maison
3 et 8, il y a aussi l'idée que toute relation sexuelle est comme un
interdit.","Pouvoir sur ses frères et sœurs. Pouvoir absolu les
privant de leurs droits, de leur existence, de leur pouvoir
d'expression. Karma avec la fratrie, vol sur la fratrie, usurpation
d'un héritage, par exemple."
Pluton,Maison,4,"Violences familiales, maltraitances physiques et/ou
psychologiques. Pluton rétrograde en maison 4 est un indice d'une
profonde violence au foyer : peur, insécurité totale, danger,
humiliations, prise de pouvoir d'un parent. Avec ce placement,
quelque chose de violent s'est déroulé, mais cela peut engendrer
aussi de la fascination concernant sa famille, on peut avoir du mal
à admettre leurs torts car ils ont le pouvoir sur nous, et que nous
avons aussi le souvenir karmique de violence au foyer.","On a abusé du pouvoir à l'encontre de sa famille:
violence, maltraitance... On a pu être ce parent violent. On a pu
rompre et couper les liens, maintenir une emprise, par reproduction
familiale."
Pluton,Maison,5,"Violence du père à son encontre, violence physique,
psychologique ou symbolique, emprise du père. L'égo a été
malmené, nous n'avons pas eu de reconnaissance dans l'enfance,
plutôt du mépris. On aura peur d'avoir des enfants car on ressent
en soi l'existence de cette violence, puisqu'on en a été victime.
Estime de soi très basse, sentiment de ne pas mériter le bonheur."," Vie de débauche, de luxe, de prestige, extrême dans
la jouissance, dans la séduction, image de soi distordue. Pouvoir par
la séduction.
On n'a pas été dans de la prostitution mais on a pu tenir un bordel,
tirer parti de la prostitution des autres. Emprise sur d'autres
personnes."
Pluton,Maison,6," Karma physique, on a maltraité son corps dans la vie
antérieure et nous en gardons une mémoire cellulaire. Il y a le
souvenir d'une violence envers son corps. Ça ne veut pas dire que
nous aurons des maladies graves, mais nous ne pourrons pas
commettre d'excès, le corps ne le supportera pas. On peut avoir des
phobies, être très anxieux. Difficultés au travail, sentiment que la
hiérarchie veut prendre le pouvoir sur nous. Rapport de force et de
conflit au travail.","On a maltraité son corps, on s'est mis dans des
situations extrêmes de danger, déni de soi. On ne s'est pas soigné,
pour se punir soi-même. On n'a pas réussi à se lier aux autres,
égoïsme."
Pluton,Maison,7,"Rapport de pouvoir particulier dans les relations aux
autres. Dans le couple, on vit à travers la passion, le conflit, le
déchirement. On recherche des personnes dites ""toxiques"",
déséquilibrées, on recherche de la violence chez le partenaire pour
travailler sur sa propre violence. Rapport de pouvoir sur l'autre dans
la relation : sentiment que soit on gagne, soit on se fait manger par
l'autre.","Violences sur le partenaire, maltraitances, rapport
de pouvoir très fort dans toutes les relations aux autres et
notamment dans sa relation. Maintenir une emprise permettait la
possession. On rentrait dans le rapport de force, dans le conflit,
intolérance."
Pluton,Maison,8,"Karma de violence très fort, on redoute sa propre
violence interne, qui gronde à l'intérieur de soi. Réminiscences
karmiques, médiumnité. Attirance pour les forces occultes, et peur
panique à la fois. Sentiment d'insécurité dans l'enfance. Peur et
fascination pour la violence, pour tout ce qui concerne les affaires
policières, les enquêtes.","Pouvoir du mental, de la sexualité, on voulait
dominer le monde. Mort violente dans la vie antérieure, pareil avec
un Mars R en 8. On a pu être l'auteur de sa propre mort, on s'est
senti plonger dans une certaine folie. Sentiment de persécution,
paranoïa, mégalomanie. On avait le sentiment que les autres
voulaient nous détruire."
Pluton,Maison,9,"Image de soi un peu particulière : volonté de grande
puissance, image de soi grandiose, en alternance avec un déni de
soi très violent, un mépris envers soi-même. On se sent parfois
manquer de courage, puis parfois on prend des risques inconsidérés.
On peut être phobique du moindre déplacement tout comme adorer
partir à l'autre bout du monde sur un coup de tête.","Surtout si Jupiter est aussi rétrograde, on a pu être
un ancien cardinal, et on a pu faire régner une certaine terreur par
ses idées. On a pu être dans un ordre religieux, incarnant le pouvoir
de Dieu. Mégalomanie, volonté de puissance, pouvoir sur les autres
pour l'enrichissement et asseoir sa position sociale. On a pu avoir
des esclaves à son service."
Pluton,Maison,10,"En terme de profession, on ne supporte pas l'autorité
mais on se retrouve souvent paradoxalement sous l'ordre de
responsables malveillants, pour nous faire évoluer sur la posture du
dirigeant. On se retrouve souvent dans des postes peu prestigieux,
donnant une image interne d'impuissance, en comparaison avec
l'ancienne position de la vie antérieure. On ne se sent pas reconnu à
la hauteur de ses capacités et on nourrit une haine à l'encontre de
ceux qui ont plus que soi.","On a été un maître, un seigneur, un dirigeant,
possédant le pouvoir et se sentant supérieur à tous. On se pensait le
maître du monde. Ancien milliardaire, prestige, luxe social. Mépris
envers les classes inférieures."
Pluton,Maison,11,"On ne semble pas trouver de travail à sa mesure.
Méfiance totale envers la société qui ne peut que nous mépriser et
ne pas nous reconnaître comme on le mérite. Si Uranus est
rétrograde, on est soit le premier, soit rien. Forte intelligence mais
peurs paniques violentes, méfiance forte envers les autres. Rejet de
ceux qui ont le pouvoir quand nous ne l'avons pas.","On a été dans de la guerre, du conflit absolu, on
s'est impliqué violemment dans des mouvements politiques ou
religieux qui concernaient la société. On a en fait voulu prendre le
pouvoir sur cette société. Nos idéologies servaient nos ambitions.
Complots dirigés, menés par une colère sourde. Ou alors statut
social élevé et installé qui avait un impact sur la société."
Pluton,Maison,12,"Blessure transgénérationnelle autour de secrets
violents, de choses cachées. Fond très anxieux, peur de sa propre
folie, paranoïa. Tourments inconscients, sentiment d'avoir des secrets
encore à découvrir, qu'on nous cache des choses, qu'il y a des nondits. On crée aussi ses propres non-dits, des tabous, on cache ses
peurs les plus violentes par peur qu'elles nous dépassent.
Fascination et peur pour l'occulte, la médiumnité, réminiscences
assez violentes et fortes.","Anciens guérisseurs, anciens magiciens, anciens
exorcistes, magie noire et occulte. Arnaques spirituelles, mensonges
sur la spiritualité. Mégalomanie. Paranoïa et donc le pouvoir servait
à maîtriser les situations."
Pluton,Signe,bélier,"Il y a un travail de désidentification à faire avec
Pluton, pour ne plus s'associer à ce personnage ancien.
On a été ce personnage plutonien et on revient avec ce souvenir
karmique. On peut ressentir de nombreuses anxiétés, avoir des
peurs, ressentir de l'insécurité, voire du danger.
On peut se mettre facilement en colère, ressentir de la persécution
de la part des autres. Médiumnité."," On a été paranoïaque et mégalomane dans la vie
antérieure. On a été ce personnage plutonien rétrograde, on s'est
identifié au côté sombre de Pluton: peurs, anxiétés, pouvoir,
violence interne.
On a pu persécuter les autres, par volonté de pouvoir, de puissance."
Pluton,Signe,taureau,"Anxiété financière, problèmes d'argent, peur de ne
en avoir assez, profond sentiment d'insécurité. Dans l'enfance,
l'argent pouvait manquer, l'argent était une préoccupation
importante. On a pu connaître des périodes difficiles
pas
ΛΑΛΛΛΛΛΛΛΛΑ
financièrement. Le sentiment de sécurité n'a pas été transmis dans
l'enfance.","Karma de vol financier, on a volé, on a usurpé.
L'argent était source de pouvoir et on a cherché à s'approprier des
biens matériels, afin de gagner en puissance. On s'est coupé de ses
proches, de sa vie affective, à cause d'une certaine violence. On
ressentait de l'insécurité qui nous a conduit à ce type de
comportement."
Pluton,Signe,gémeaux,"Dans cette vie on a une peur panique de l'esprit de
revanche des frères et sœurs. On leur cède le terrain sans se battre.
On a tellement peur de devenir violent ou destructeur vis-à-vis d'eux
que souvent on préfère renoncer avant même que d'avoir demandé.
On peut renoncer à un héritage au profit de ses frères et soeurs.
Avec un indice de sexualité avec Mars ou Vénus, un rapport maison
3 et 8, il y a aussi l'idée que toute relation sexuelle est comme un
interdit.","Pouvoir sur ses frères et sœurs. Pouvoir absolu les
privant de leurs droits, de leur existence, de leur pouvoir
d'expression. Karma avec la fratrie, vol sur la fratrie, usurpation
d'un héritage, par exemple."
Pluton,Signe,cancer,"Violences familiales, maltraitances physiques et/ou
psychologiques. Pluton rétrograde en maison 4 est un indice d'une
profonde violence au foyer : peur, insécurité totale, danger,
humiliations, prise de pouvoir d'un parent. Avec ce placement,
quelque chose de violent s'est déroulé, mais cela peut engendrer
aussi de la fascination concernant sa famille, on peut avoir du mal
à admettre leurs torts car ils ont le pouvoir sur nous, et que nous
avons aussi le souvenir karmique de violence au foyer.","On a abusé du pouvoir à l'encontre de sa famille:
violence, maltraitance... On a pu être ce parent violent. On a pu
rompre et couper les liens, maintenir une emprise, par reproduction
familiale."
Pluton,Signe,lion,"Violence du père à son encontre, violence physique,
psychologique ou symbolique, emprise du père. L'égo a été
malmené, nous n'avons pas eu de reconnaissance dans l'enfance,
plutôt du mépris. On aura peur d'avoir des enfants car on ressent
en soi l'existence de cette violence, puisqu'on en a été victime.
Estime de soi très basse, sentiment de ne pas mériter le bonheur."," Vie de débauche, de luxe, de prestige, extrême dans
la jouissance, dans la séduction, image de soi distordue. Pouvoir par
la séduction.
On n'a pas été dans de la prostitution mais on a pu tenir un bordel,
tirer parti de la prostitution des autres. Emprise sur d'autres
personnes."
Pluton,Signe,vierge," Karma physique, on a maltraité son corps dans la vie
antérieure et nous en gardons une mémoire cellulaire. Il y a le
souvenir d'une violence envers son corps. Ça ne veut pas dire que
nous aurons des maladies graves, mais nous ne pourrons pas
commettre d'excès, le corps ne le supportera pas. On peut avoir des
phobies, être très anxieux. Difficultés au travail, sentiment que la
hiérarchie veut prendre le pouvoir sur nous. Rapport de force et de
conflit au travail.","On a maltraité son corps, on s'est mis dans des
situations extrêmes de danger, déni de soi. On ne s'est pas soigné,
pour se punir soi-même. On n'a pas réussi à se lier aux autres,
égoïsme."
Pluton,Signe,balance,"Rapport de pouvoir particulier dans les relations aux
autres. Dans le couple, on vit à travers la passion, le conflit, le
déchirement. On recherche des personnes dites ""toxiques"",
déséquilibrées, on recherche de la violence chez le partenaire pour
travailler sur sa propre violence. Rapport de pouvoir sur l'autre dans
la relation : sentiment que soit on gagne, soit on se fait manger par
l'autre.","Violences sur le partenaire, maltraitances, rapport
de pouvoir très fort dans toutes les relations aux autres et
notamment dans sa relation. Maintenir une emprise permettait la
possession. On rentrait dans le rapport de force, dans le conflit,
intolérance."
Pluton,Signe,scorpion,"Karma de violence très fort, on redoute sa propre
violence interne, qui gronde à l'intérieur de soi. Réminiscences
karmiques, médiumnité. Attirance pour les forces occultes, et peur
panique à la fois. Sentiment d'insécurité dans l'enfance. Peur et
fascination pour la violence, pour tout ce qui concerne les affaires
policières, les enquêtes.","Pouvoir du mental, de la sexualité, on voulait
dominer le monde. Mort violente dans la vie antérieure, pareil avec
un Mars R en 8. On a pu être l'auteur de sa propre mort, on s'est
senti plonger dans une certaine folie. Sentiment de persécution,
paranoïa, mégalomanie. On avait le sentiment que les autres
voulaient nous détruire."
Pluton,Signe,sagittaire,"Image de soi un peu particulière : volonté de grande
puissance, image de soi grandiose, en alternance avec un déni de
soi très violent, un mépris envers soi-même. On se sent parfois
manquer de courage, puis parfois on prend des risques inconsidérés.
On peut être phobique du moindre déplacement tout comme adorer
partir à l'autre bout du monde sur un coup de tête.","Surtout si Jupiter est aussi rétrograde, on a pu être
un ancien cardinal, et on a pu faire régner une certaine terreur par
ses idées. On a pu être dans un ordre religieux, incarnant le pouvoir
de Dieu. Mégalomanie, volonté de puissance, pouvoir sur les autres
pour l'enrichissement et asseoir sa position sociale. On a pu avoir
des esclaves à son service."
Pluton,Signe,capricorne,"En terme de profession, on ne supporte pas l'autorité
mais on se retrouve souvent paradoxalement sous l'ordre de
responsables malveillants, pour nous faire évoluer sur la posture du
dirigeant. On se retrouve souvent dans des postes peu prestigieux,
donnant une image interne d'impuissance, en comparaison avec
l'ancienne position de la vie antérieure. On ne se sent pas reconnu à
la hauteur de ses capacités et on nourrit une haine à l'encontre de
ceux qui ont plus que soi.","On a été un maître, un seigneur, un dirigeant,
possédant le pouvoir et se sentant supérieur à tous. On se pensait le
maître du monde. Ancien milliardaire, prestige, luxe social. Mépris
envers les classes inférieures."
Pluton,Signe,verseau,"On ne semble pas trouver de travail à sa mesure.
Méfiance totale envers la société qui ne peut que nous mépriser et
ne pas nous reconnaître comme on le mérite. Si Uranus est
rétrograde, on est soit le premier, soit rien. Forte intelligence mais
peurs paniques violentes, méfiance forte envers les autres. Rejet de
ceux qui ont le pouvoir quand nous ne l'avons pas.","On a été dans de la guerre, du conflit absolu, on
s'est impliqué violemment dans des mouvements politiques ou
religieux qui concernaient la société. On a en fait voulu prendre le
pouvoir sur cette société. Nos idéologies servaient nos ambitions.
Complots dirigés, menés par une colère sourde. Ou alors statut
social élevé et installé qui avait un impact sur la société."
Pluton,Signe,poissons,"Blessure transgénérationnelle autour de secrets
violents, de choses cachées. Fond très anxieux, peur de sa propre
folie, paranoïa. Tourments inconscients, sentiment d'avoir des secrets
encore à découvrir, qu'on nous cache des choses, qu'il y a des nondits. On crée aussi ses propres non-dits, des tabous, on cache ses
peurs les plus violentes par peur qu'elles nous dépassent.
Fascination et peur pour l'occulte, la médiumnité, réminiscences
assez violentes et fortes.","Anciens guérisseurs, anciens magiciens, anciens
exorcistes, magie noire et occulte. Arnaques spirituelles, mensonges
sur la spiritualité. Mégalomanie. Paranoïa et donc le pouvoir servait
à maîtriser les situations."