PLANETE_1;PLANETE_2;ASPECTS;TYPE;SCORE;COMMENTAIRE;
Ascendant;Soleil;carré, opposition;defis;4.5;Conflit entre image et identité. Difficulté à être authentique.;
Ascendant;Lune;carré, opposition;defis;4.5;Masque émotionnel, difficulté à montrer sa vulnérabilité.;
Ascendant;Mars;carré, opposition;defis;4;Agressivité apparente ou refoulée. Image combative.;
Ascendant;Saturne;conjonction, carré, opposition;mixte;5;Image austère, difficulté à rayonner. Blocage de l'expression de soi. bloquant au départ, mais donne solidité et endurance une fois intégré.;
Ascendant;Uranus;conjonction, carré, opposition;mixte;4;Instabilité d'image, rejet social. Difficulté à s’intégrer mais peut aussi donner de l’originalité;
Ascendant;Neptune;carré, opposition;defis;4.5;Flou identitaire, confusion sur soi. Image idéalisée ou victime.;
Ascendant;Neptune;conjonction;mixte;4.5;" Grande sensibilité, intuition et magnétisme personnel. Peut brouiller les limites entre soi et l'autre ; besoin d'ancrage pour éviter la confusion ou les illusions.";
Ascendant;Pluton;conjonction, carré, opposition;mixte;5;Crise d'identité majeure. Transformation forcée de l’image mais pouvoir de transformation exceptionnel.;
Ascendant;Rahu;conjonction;defis;4.5;Présence magnétique, capable d’attirer les regards et d’influencer les autres, mais au risque d’être happé par l’image sociale ou la quête d’approbation. Le défi est de conserver une identité authentique, sans se définir par le regard extérieur.;
Ascendant;Rahu;carré;defis;4.5;Crise identitaire et tension entre besoin d’affirmation (Rahu) et retrait intérieur (Ketu). Tu peux osciller entre visibilité excessive et disparition symbolique. Le défi : ancrer une image juste de toi-même, indépendante du regard des autres.;
Ascendant;Ketu;conjonction;defis;4.5;Effacement de soi, difficulté à se sentir “incarné”. Tendance à se retirer du monde ou à douter de sa valeur personnelle. Besoin de se réapproprier son individualité.;
Ascendant;Soleil;conjonction, trigone, sextile;force;5;Identité rayonnante, affirmation naturelle. Cohérence entre être et paraître.;
Ascendant;Lune;conjonction, trigone, sextile;force;5;Authenticité émotionnelle, expression naturelle des besoins. Sensibilité visible.;
Ascendant;Mercure;conjonction, trigone, sextile;force;4.5;Communication spontanée, esprit vif. Image intellectuelle claire.;
Ascendant;Vénus;conjonction, trigone, sextile;force;4.5;Charme naturel, grâce, beauté. Facilité relationnelle.;
Ascendant;Mars;conjonction, trigone, sextile;force;4.5;Énergie vitale visible, courage, initiative. Présence dynamique.;
Ascendant;Jupiter;conjonction, trigone, sextile;force;4.5;Optimisme contagieux, générosité visible. Présence expansive.;
Ascendant;Saturne;trigone, sextile;force;4;Maturité apparente, sérieux naturel. Autorité posée.;
Ascendant;Uranus;trigone, sextile;force;4;Originalité marquante, indépendance visible. Présence unique.;
Ascendant;Neptune;trigone, sextile;force;3.5;Sensibilité artistique, douceur. Aura mystérieuse.;
Ascendant;Pluton;trigone, sextile;force;5;Magnétisme intense, charisme. Présence transformatrice.;
Soleil;Lune;carré, opposition;defis;5;Conflit entre volonté consciente et besoins émotionnels. Tension entre action et sécurité intérieure, souvent héritée du rapport parental.;
Soleil;Mercure;carré, opposition;defis;2.5;Discorde entre ego et pensée. Difficulté à exprimer clairement sa volonté, tendance à vouloir toujours avoir raison.;
Soleil;Venus;carré, opposition;defis;2.5;Dissonance entre affirmation de soi et besoin d’amour. Peut créer charme et charme-résistance : attirer mais craindre l’attachement.;
Soleil;Mars;carré, opposition;mixte;4.5;Volonté vs impulsivité. Conflit entre affirmation et agressivité. Risque d’épuisement ou d’autoritarisme si mal canalisé. mais peut-être moteur : c’est de la colère créatrice. Si bien canalisée, ça donne du courage.;
Soleil;Jupiter;carré, opposition;mixte;3.5;Tendance à la démesure, excès de confiance ou idéal grandiose. Besoin de réaligner ambition et sens moral. Excès d’ambition, mais aussi foi et élan généreux.;
Soleil;Saturne;conjonction, carré, opposition;mixte;5;Blocage de la confiance en soi, complexe d’infériorité, peur de l’échec. Appel à construire une autorité intérieure authentique. Autant force structurante que poids du devoir.;
Soleil;Neptune;conjonction, carré, opposition;defis;4.5;Ego poreux, risque d’illusion ou de désillusion. Tendance à se sacrifier ou à se perdre dans des idéaux flous.;
Soleil;Uranus;carré, opposition;defis;4;Besoin d’indépendance extrême, rébellion contre toute autorité. Volonté de liberté parfois destructrice si non canalisée Énergie rebelle et visionnaire, mais instabilité.;
Soleil;Uranus;conjonction;mixte;5;Originalité puissante et besoin d’autonomie. Potentiel visionnaire mais instabilité si non canalisé.;
Soleil;Pluton;conjonction, carré, opposition;mixte;5;"Crise d’identité profonde. Rapport au pouvoir, contrôle, transformation radicale du soi. Grande intensité de volonté. Crise et pouvoir personnel. Ça détruit ou ça transcende.
";
Soleil;Rahu;conjonction;defis;4.5;Fusion entre volonté et ambition karmique. Risque d’ego surdimensionné, quête de reconnaissance ou de validation extérieure. Le défi : transformer l’orgueil en rayonnement authentique, au service d’une mission plus large que soi.;
Soleil;Rahu;carré;defis;4.5;Tension entre affirmation personnelle et destin collectif. L’ego lutte entre soif de reconnaissance (Rahu) et détachement du monde (Ketu). Tu peux osciller entre surexposition et effacement. Le défi : assumer ton rayonnement sans excès ni retrait.;
Soleil;Ketu;conjonction;defis;4.5;Conjonction karmique majeure. Détachement du passé, besoin de se libérer d’une identité conditionnée ou héritée. Le défi : affirmer sa lumière sans s’effacer ni se couper de la vitalité du monde.;
Soleil;Lune;trigone, sextile;force;5;Harmonie intérieure. Équilibre entre raison et émotion. Unité du masculin et du féminin, stabilité émotionnelle.;
Soleil;Mercure;conjonction;mixte;3.5;Vivacité mentale et cohérence intérieure, mais risque de confusion entre pensée et ego. Communication trop personnelle ou subjective.;
Soleil;Mercure;trigone, sextile;force;3;Esprit clair, expression naturelle du soi. Intelligence pratique, cohérence entre pensée et volonté.;
Soleil;Vénus;conjonction, trigone, sextile;force;4;Charme, charisme, douceur solaire. Capacité à unir amour et affirmation de soi. Don pour créer l’harmonie.;
Soleil;Mars;trigone, sextile;force;4.5;Courage, initiative, leadership naturel. Force d’action équilibrée. Capacité à aller au bout des projets.;
Soleil;Jupiter;trigone, sextile;force;4.5;Optimisme, confiance, foi en soi. Don pour inspirer et enseigner. Vision constructive et généreuse.;
Soleil;Saturne;trigone, sextile;force;4;Maturité, sens des responsabilités. Capacité à bâtir solidement et durablement. Leadership structuré.;
Soleil;Saturne;conjonction;mixte;4.5;Discipline, ambition, rigueur. Peut virer à l’autocensure ou à la peur d’échouer. Maturité extrême ou rigidité;
Soleil;Neptune;trigone, sextile;force;3.5;Intuition, créativité spirituelle, compassion. Fusion entre idéal et volonté. Vision poétique du monde.;
Soleil;Neptune;conjonction;mixte;4;Idéal spirituel puissant, intuition et empathie. Peut se perdre dans l’image de soi ou les illusions. Inspiration élevée ou confusion spirituelle — double tranchant.;
Soleil;Uranus;trigone, sextile;force;4;Originalité, indépendance, créativité libre. Capacité à inspirer les autres par sa singularité.;
Soleil;Uranus;conjonction ;force;5;Génie créatif et liberté d’être, mais risque de rejet de toute autorité. Autonomie brillante si assumée.;
Soleil;Pluton;trigone, sextile;force;5;Charisme puissant, transformation intérieure. Pouvoir de régénération et de magnétisme personnel.;
Soleil;Rahu;trigone, sextile;force;3.5;Destinée solaire favorable, ambition constructive. Visibilité accrue.;
Soleil;Ketu;trigone, sextile;force;3;Détachement sage de l'ego, humilité. Sagesse du passé intégrée.;
Lune;Mercure;carré, opposition;defis;3.5;Dissonance entre émotions et raison. Difficulté à verbaliser ce qu’on ressent, pensées changeantes selon l’humeur.;
Lune;Venus;carré, opposition;defis;3.5;Besoin d’amour en tension avec la sécurité affective. Recherche d’approbation, dépendance émotionnelle ou affective.;
Lune;Mars;conjonction, carré, opposition;defis;5;Émotivité explosive, colère intériorisée ou défensive. Réactivité immédiate aux frustrations. Grande intensité affective à canaliser.;
Lune ;Jupiter;carré, opposition;defis;2.5;Émotions amplifiées, exagération affective. Besoin excessif de réassurance, tendance à dramatiser.;
Lune;Saturne;conjonction, carré, opposition;defis;5;Blocage émotionnel profond, peur de ne pas être aimé. Solitude affective, difficulté à se consoler. Résilience par la maturité.;
Lune;Neptune;conjonction, carré, opposition;defis;4.5;Hypersensibilité, confusion entre ressenti et idéal. Risque d’illusion affective, d’oubli de soi ou de fuite émotionnelle.;
Lune;Uranus;conjonction, carré, opposition;defis;4;Instabilité émotionnelle, besoin de liberté affective. Oscillation entre fusion et détachement. Rejet des dépendances.;
Lune;Pluton;conjonction, carré, opposition;defis;5;Intensité émotionnelle extrême, peur de l’abandon. Besoin de contrôle sur les liens intimes. Transformation affective profonde.;
Lune;Rahu;conjonction;defis;4.5;Fusion entre émotions et désirs insatiables. Attachement intense à ce que tu veux ressentir ou posséder. Tendance à chercher la sécurité émotionnelle à travers l’extérieur, créant une faim affective sans fond. Le défi : cultiver la satiété intérieure plutôt que la dépendance émotionnelle.;
Lune;Rahu;carré;defis;4.5;Émotions amplifiées, désirs insatiables ou au contraire détachement affectif soudain. Tiraillée entre besoin d’attachement et besoin d’autonomie, tu oscilles entre dépendance émotionnelle et fuite intérieure. Le défi : trouver l’équilibre entre lien et liberté.;
Lune;Ketu;conjonction;defis;4;Détachement émotionnel excessif, froideur ou repli intérieur. Tendance à rationaliser ou couper les émotions. Le défi : réhabiliter la vulnérabilité sans perdre le recul spirituel.;
Lune;Mercure;trigone, sextile;force;3;Intelligence émotionnelle, communication fluide des sentiments. Capacité à traduire les émotions en mots clairs.;
Lune;Mercure;conjonction;mixte;4;Fusion entre émotion et pensée. Communication intuitive mais mentale, parfois trop réactive ou émotive.;
Lune;Vénus;conjonction, trigone, sextile;force;4.5;Tendresse, charme, empathie. Grande sensibilité affective, chaleur naturelle, don pour apaiser ou aimer.;
Lune;Mars;trigone, sextile;force;4;Énergie émotionnelle équilibrée. Courage de ressentir et d’agir. Bonne spontanéité, initiative sans impulsivité.;
Lune;Mars;conjonction;force;4;Émotivité forte, courage affectif. Peut se transformer en réactivité excessive.;
Lune;Jupiter;conjonction, trigone, sextile;force;4.5;Générosité, joie, optimisme émotionnel. Capacité à rayonner la bienveillance, chaleur du cœur.;
Lune;Saturne;trigone, sextile;force;4;Stabilité intérieure, maîtrise émotionnelle. Résilience face à l’adversité, loyauté, fiabilité affective.;
Lune ;Saturne;conjonction;force;3.5;Maturité émotionnelle acquise, stabilité profonde. Résilience face à l'adversité (potentiel si le défi est travaillé). Grande stabilité émotionnelle ou froid intérieur selon le vécu. Maîtrise acquise dans le temps.;
Lune;Neptune;conjonction, trigone, sextile;force;4.5;Compassion, inspiration, imagination fertile. Grande empathie, sens artistique et intuition raffinée.;
Lune;Uranus;trigone, sextile;force;4;Intuition vive, émotion indépendante. Capacité à évoluer rapidement sans rupture intérieure. Sensibilité visionnaire.;
Lune;Pluton;trigone, sextile;force;5;Profondeur émotionnelle, force de régénération. Capacité à guérir et à accompagner les autres dans leurs transformations.;
Lune;Pluton;conjonction;force;5;Profondeur émotionnelle extrême, transformation intérieure. Force de guérison si la blessure est intégrée.;
Lune;Rahu;trigone, sextile;force;3.5;Intuition amplifiée, émotions riches. Capacité d'empathie collective.;
Lune;Ketu;trigone, sextile;force;3;Détachement émotionnel sain, sagesse intérieure. Paix avec le passé.;
Mercure;Venus;carré, opposition;defis;2;Conflit entre raison et sentiment : maladresse affective, rationalisation des émotions. Aspect mineur, pas bloquant.;
Mercure;Mars;carré, opposition;defis;3.5;Langage tranchant, impatience mentale, impulsivité verbale. Irritant mais pas fondamentalement destructeur.;
Mercure;Jupiter;carré, opposition;defis;2.5;Jugements excessifs, croyances rigides, difficulté à concilier logique et foi. Aspect d’exagération intellectuelle.;
Mercure;Saturne;carré, opposition;defis;4.5;Blocage mental, peur de s’exprimer, pensée rigide. Profond et structurant.;
Mercure;Saturne;conjonction;mixte;4.5;Pensée structurée et lucide. Risque d’autocensure ou de rigidité mentale.;
Mercure;Neptune;carré, opposition;defis;4.5;Confusion, illusion mentale, déni ou fuite intellectuelle. Aspect “brouillard mental”.;
Mercure;Neptune;conjonction;mixte;4.5;Imagination subtile, pensée inspirée. Risque de flou ou de confusion intellectuelle.;
Mercure;Uranus;carré, opposition;defis;3.5;Esprit nerveux, provocateur, dispersion, tension mentale. Génial mais instable.;
Mercure;Uranus;conjonction;mixte;3.5;Esprit fulgurant et intuitif. Brillant mais nerveux/instable si mal cadré.;
Mercure;Pluton;conjonction, carré, opposition;defis;4.5;Pensée obsédante, hyper-analyse, paroles tranchantes. Profondeur mentale mais risque de manipulation ou d’autodestruction.;
Mercure;Rahu;conjonction;defis;4.5;Mental hyperactif, curiosité dévorante. Risque de rationaliser à l’excès ou de t’éparpiller dans les idées pour combler une soif de sens. Le défi : canaliser ton intelligence vers une parole claire et alignée, plutôt que dans la suranalyse.;
Mercure;Ketu;conjonction;defis;4;Détachement intellectuel, difficulté à communiquer spontanément. Pensée introspective, mais parfois coupée du concret. Le défi : réconcilier intuition et logique, reconnecter parole et ressenti.;
Mercure;Rahu;carré;defis;4.5;Esprit tiraillé entre compréhension rationnelle (Ketu) et recherche effrénée d’idées nouvelles (Rahu). Tu peux passer du doute excessif à la certitude dogmatique. Le défi : stabiliser ton mental et apprendre à écouter avant de répondre.;
Mercure;Vénus;conjonction, trigone, sextile;force;4;Diplomatie, éloquence, charme intellectuel. Talents artistiques et sens de la nuance. Communication douce et persuasive.;
Mercure;Mars;conjonction;mixte;4;Esprit vif, franc, réactif. Parole tranchante. Force d’action mentale mais risque de dureté. Peut devenir tranchant ou impatient si l’émotion prend le dessus.;
Mercure;Mars;trigone, sextile;force;4.5;Esprit vif et courageux. Réactivité mentale, clarté d’action et de parole. Précision et efficacité dans l’exécution.;
Mercure;Jupiter;conjonction, trigone, sextile;force;4.5;Vision large, sagesse intellectuelle. Optimisme, sens de la synthèse. Don pour enseigner, convaincre et transmettre.;
Mercure;Saturne;trigone, sextile;force;4.5;Esprit structuré, sérieux et discipliné. Clarté, rigueur et fiabilité mentale. Capacité à aller au fond des choses.;
Mercure;Neptune;trigone, sextile;force;4;Imagination fertile, intuition poétique. Pensée inspirée, don de perception subtile et d’empathie.;
Mercure;Uranus;trigone, sextile;force;4.5;Esprit novateur, intuitif et indépendant. Originalité mentale, fulgurances intellectuelles, vision futuriste.;
Mercure;Uranus;conjonction;mixte;4.5; Esprit intuitif et fulgurant. Brillant mais nerveux ou instable si mal canalisé.;
Mercure;Pluton;trigone, sextile;force;5;Lucidité perçante, pensée stratégique, parole transformatrice. Capacité à aller à la racine des vérités. Communication puissante et magnétique.;
Mercure;Pluton;conjonction;mixte;5;Intelligence perçante et stratégique. Peut basculer en obsession ou contrôle mental.;
Mercure;Rahu;trigone, sextile;force;3;Pensée innovante, communication magnétique.;
Mercure;Ketu;trigone, sextile;force;3;Sagesse mentale, pensée intuitive.;
Venus;Mars;carré, opposition;defis;4.5;Tension entre désir et douceur. Attraction intense mais conflictuelle, oscillation entre passion et irritation. Difficile d’équilibrer amour et désir.;
Venus;Jupiter;carré, opposition;defis;2.5;Excès affectif ou matériel. Générosité mal dosée, tendance à idéaliser ou à trop donner. Difficulté à poser des limites.;
Venus;Saturne;carré, opposition;defis;5;Blocages affectifs, peur du rejet ou du manque. Retenue dans l’expression amoureuse, besoin de contrôle émotionnel. Recherche de sécurité avant le plaisir.;
Venus;Saturne;conjonction;mixte;5;Attachement profond, fidélité, mais peur de l’abandon et retenue émotionnelle.;
Venus;Neptune;carré, opposition;defis;4.5;Amour idéalisé, illusions sentimentales. Tendance à se sacrifier ou à aimer des personnes inaccessibles. Risque de désillusion affective.;
Venus;Neptune;conjonction;mixte;4.5;Amour inspiré, fusionnel, mais tendance à idéaliser ou à se sacrifier.;
Venus;Uranus;carré, opposition;defis;4;Besoin de liberté amoureuse, peur de l’enfermement. Attirances soudaines et imprévisibles, instabilité relationnelle. Conjonction : amour libre ou instable, souvent rupture / indépendance. C’est un défi relationnel moderne plus que karmique.;
Venus;Uranus;conjonction;mixte;4;Amour libre et original, mais instabilité relationnelle fréquente.;
Venus;Pluton;conjonction, carré, opposition;defis;5;Passion absolue, jalousie, fusion ou contrôle. Relations intenses et transformatrices, souvent karmiques ou obsessionnelles.;
Venus;Rahu;conjonction;defis;4.5;Attirances intenses, fascination pour le désir et l’inaccessible. Les relations deviennent un terrain d’obsession ou de conquête. Le défi : aimer sans consumer, transformer la passion en engagement lucide.;
Venus;Ketu;conjonction;defis;4;Détachement affectif, peur de la dépendance ou refus de l’intimité. Tendance à rejouer un schéma d’amour sacrificiel ou d’évitement. Le défi : réapprendre à recevoir et à ressentir.;
Venus;Rahu;carré;defis;4.5;Tiraillement entre passion et désillusion. Tu oscilles entre désir excessif (Rahu) et fuite émotionnelle (Ketu). Le défi : trouver un amour équilibré, ni fusionnel ni distant.;
Vénus;Mars;trigone, sextile;force;4.5;Équilibre entre désir et tendresse. Charme magnétique, sensualité naturelle. Passion harmonieuse, élan amoureux bien canalisé.;
Vénus;Mars;conjonction;mixte;4.5;Passion, charme, intensité affective. Peut alterner entre attraction et agacement, entre désir et douceur.;
Vénus;Jupiter;conjonction, trigone, sextile;force;5;Générosité affective, joie de vivre, chaleur du cœur. Aspect d’abondance et de chance relationnelle. Magnétisme social et créativité.;
Vénus;Saturne;trigone, sextile;force;4;Stabilité affective, fidélité, amour durable. Capacité à construire sur la durée sans perdre la tendresse. Maturité émotionnelle.;
Vénus;Neptune;conjonction, trigone, sextile;force;4.5;Amour spirituel, romantisme, compassion. Don artistique, imagination fertile. Fusion sensible sans perte de soi.;
Vénus;Uranus;trigone, sextile;force;4;Charme original, amour libre et conscient. Capacité à aimer sans dépendance. Créativité relationnelle moderne.;
Vénus;Pluton;trigone, sextile;force;5;Intensité amoureuse profonde. Pouvoir de transformation par l’amour. Magnétisme puissant, passion vécue avec conscience.;
Vénus;Pluton;conjonction;mixte;5;Passion absolue, amour transformateur. Magnétisme intense. Peut tourner à la dépendance affective si non équilibrée. risque d’obsession ou de contrôle.;
Venus;Rahu;trigone, sextile;force;3.5;Charme exotique, amours karmiques positives.;
Venus;Ketu;trigone, sextile;force;3;Amour détaché, relations spirituelles.;
Mars;Jupiter;carré, opposition;defis;3.5;Excès d’énergie, impulsivité dans l’action, excès de confiance. Tendance à imposer son point de vue. Peut être orgueilleux ou dispersé.;
Mars;Saturne;conjonction, carré, opposition;defis;5;Tension extrême entre action et blocage. Frustration, colère contenue, peur d’agir. Conjonction très lourde ici : elle bloque l’élan vital ou crée une rage froide.;
Mars;Neptune;carré, opposition;defis;4;Conflit entre énergie et confusion. Difficulté à canaliser la volonté, fuite dans le rêve ou dispersion. Conjonction = flou sur la motivation, parfois épuisement.;
Mars;Neptune;conjonction;mixte;4;Courage inspiré ou confusion sur les buts. L’énergie devient floue ou épuisante sans vision claire.;
Mars;Uranus;carré, opposition;defis;4.5;Instinct explosif, réactions brusques, ruptures soudaines. Grande tension nerveuse. Conjonction = orage intérieur permanent, imprévisible.;
Mars;Uranus;conjonction;mixte;4.5;Audace explosive, énergie imprévisible. Potentiel de libération ou d’accident si mal canalisée.;
Mars;Pluton;conjonction, carré, opposition;defis;5;Puissance brute, domination, risque d’abus de force. Colère refoulée ou destructrice. Conjonction = fusion de pulsions instinctives et volonté de pouvoir. Très transformateur, mais extrême.;
Mars;Rahu;conjonction;defis;4.5;Énergie explosive, impulsivité karmique. Tu fonces sans filet, poussé(e) par une ambition ou un désir de victoire. Le défi : apprendre la stratégie sans perdre la flamme.;
Mars;Ketu;conjonction;defis;4;Action intériorisée, volonté dispersée. Difficulté à affirmer ton pouvoir sans conflit ou fatigue. Le défi : redéfinir le rapport à la colère et à l’action juste.;
Mars;Rahu;carré;defis;4.5;Conflit entre pulsion d’agir (Rahu) et retrait ou découragement (Ketu). Alternance entre explosion et inhibition. Le défi : canaliser ton feu sans le retourner contre toi.;
Mars;Jupiter;conjonction, trigone, sextile;force;4.5;Enthousiasme, dynamisme, ambition expansive. Foi en soi, esprit de conquête positif. Capacité à mobiliser les autres.;
Mars;Saturne;trigone, sextile;force;4.5;Discipline et endurance. Capacité à structurer l’action et à atteindre ses objectifs. force tranquille, courage maîtrisé.;
Mars;Saturne;conjonction;mixte;5;Force de volonté, endurance exceptionnelle. Peut donner frustration ou rigidité si bloquée.;
Mars;Neptune;trigone, sextile;force;4;Action inspirée, créativité incarnée. Courage subtil, capacité à agir selon l’intuition. Aspect des artistes engagés.;
Mars;Uranus;trigone, sextile;force;4.5;Réactivité, audace, esprit d’innovation. Action rapide et visionnaire. Initiative indépendante et originale.;
Mars;Pluton;trigone, sextile;force;5;Puissance maîtrisée, transformation par l’action. Grande force intérieure, magnétisme et instinct de survie élevé.;
Mars;Pluton;conjonction;mixte;5;Puissance d'action phénoménale. Force de transformation. Energie volcanique, transformation par l’action. Risque de dureté ou d’auto-destruction s’il n’y a pas de conscience. Peut basculer en violence ou en obsession de pouvoir.;
Mars;Rahu;trigone, sextile;force;3.5;Action ambitieuse, courage d'innover.;
Mars;Ketu;trigone, sextile;force;3;Action détachée, courage spirituel.;
Jupiter;Saturne;carré, opposition;defis;3.5;Conflit entre expansion et restriction. Alternance entre excès et blocage, entre foi et peur de l’échec. conjonction : idéalisme bridé, discipline forcée.;
Jupiter;Saturne;conjonction;mixte;3.5;Sens du devoir et ambition solide, mais peur de l’échec ou auto-censure morale.;
Jupiter;Neptune;carré, opposition;defis;2.5;Idéalisation excessive, fuite dans la croyance ou la spiritualité. Dilemme entre foi et réalité. Conjonction = confusion morale, quête d’absolu.;
Jupiter;Neptune;conjonction;mixte;2.5;Idéalisme inspiré et compassion, mais tendance à se perdre dans les croyances ou l’utopie.;
Jupiter;Uranus;carré, opposition;defis;3;Enthousiasme anarchique, impatience, besoin de liberté sans mesure. Peut donner des éclats brillants mais instables. Conjonction = tension entre indépendance et excès.;
Jupiter;Uranus;conjonction;mixte;3;Esprit novateur et visionnaire, mais impulsivité et excès de liberté.;
Jupiter;Pluton;carré, opposition;defis;3;Obsession de pouvoir, ambition sans limite. Rapport complexe au succès, tentation de “tout ou rien”. Conjonction = ambition extrême, crise d’intégrité ou chute possible.;
Jupiter;Pluton;conjonction;mixte;3;Ambition extrême et force de conviction, mais risque d’orgueil ou de chute de pouvoir.;
Jupiter;Rahu;conjonction;defis;4.5;Expansion démesurée, foi en soi parfois excessive. Risque de tout vouloir comprendre ou conquérir. Le défi : cultiver la sagesse de la mesure et la foi intérieure plutôt que la quête d’approbation.;
Jupiter;Ketu;conjonction;defis;4;Idéalisme mystique, rejet du dogme. Tu cherches une vérité absolue mais risques de t’isoler dans ta vision. Le défi : trouver la foi dans la simplicité, sans fuite spirituelle.;
Jupiter;Rahu;carré;defis;4.5;Crise de sens : entre soif d’expansion (Rahu) et désillusion spirituelle (Ketu). Excès d’idéaux ou perte de repères. Le défi : apprendre la foi incarnée, qui allie conviction et discernement.;
Jupiter;Saturne;trigone, sextile;force;3.5;Équilibre entre foi et réalisme. Ambition mesurée, réussite construite. Stabilité morale et maturité dans les choix.;
Jupiter;Saturne;conjonction;force;4;Équilibre entre foi et réalisme. Vision pragmatique, mais parfois auto-limitation.;
Jupiter;Neptune;conjonction, trigone, sextile;force;2.0;Idéalisme inspiré, compassion, spiritualité fluide. Vision mystique ou humaniste constructive.;
Jupiter;Uranus;conjonction, trigone, sextile;force;2.5;Ouverture d’esprit, innovation sociale. Capacité à inspirer et à libérer les consciences. Esprit avant-gardiste.;
Jupiter;Pluton;conjonction, trigone, sextile;force;2.5;Pouvoir d’influence, transformation par la foi et la connaissance. Charisme magnétique, force de conviction.;
Jupiter;Rahu;trigone, sextile;force;3.5;Expansion karmique favorable. Foi en la destinée.;
Jupiter;Ketu;trigone, sextile;force;3;Sagesse spirituelle, détachement de l'expansion matérielle.;
Saturne;Rahu;conjonction;defis;4.5;Ambition implacable, besoin de contrôle sur la réussite. Risque d’épuisement à force de vouloir prouver ta valeur. Le défi : apprendre la patience et la confiance dans le temps long.;
Saturne;Ketu;conjonction;defis;4;Détachement du monde matériel, posture de retrait ou d’ascèse. Tu peux rejeter les contraintes jusqu’à t’exclure du réel. Le défi : redéfinir la discipline comme liberté, non comme punition.;
Saturne;Rahu;carré;defis;4.5;Tension entre ambition et lâcher-prise. D’un côté, l’envie de bâtir (Rahu), de l’autre, la peur ou le refus de s’impliquer (Ketu). Le défi : équilibrer effort et acceptation, rigueur et foi.;
Saturne;Neptune;carré, opposition;defis;1.5;Conflit entre réalité et idéal. Perte de repères, désillusion, période de confusion morale ou professionnelle. Peut donner des crises de foi ou de sens. Conjonction = flou entre discipline et lâcher-prise, sentiment d’inertie ou de vide.;
Saturne;Uranus;carré, opposition;defis;3;Tension entre conservatisme et rébellion. Besoin de liberté vs peur du chaos. Aspect des grandes révolutions de vie : rupture avec l’ancien cadre. Conjonction = choc interne entre structure et indépendance.;
Saturne;Pluton;carré, opposition;defis;3;Aspect de reconstruction radicale. Effondrement d’un système (pro, relationnel, psychique) suivi d’une renaissance. Conjonction = concentration extrême, volonté de contrôle ou épreuve de puissance. Karmique et transformateur.;
Saturne;Neptune;trigone, sextile;force;1.5;Capacité à donner forme à l’inspiration. Créativité ancrée, spiritualité réaliste. Union entre rêve et construction.;
Saturne;Neptune;conjonction;mixte;1.5;"Réalisme spirituel. Peut s’épuiser à concilier idéal et devoir. Discipline et idéal se mêlent ; possible flou entre foi et devoir, créativité bridée.";
Saturne;Uranus;trigone, sextile;force;2;Esprit d’innovation structuré. Capacité à réformer sans tout casser. Discipline souple et vision moderne.;
Saturne;Uranus;conjonction;mixte;2;Réforme intérieure entre liberté et cadre. Peut libérer ou casser la structure.;
Saturne;Pluton;trigone, sextile;force;2;Pouvoir de reconstruction. Endurance psychique, force dans l’adversité. Leadership silencieux et profond.;
Saturne;Pluton;conjonction;mixte;2;Reconstruction profonde. Force intérieure extrême. Peut traverser des crises avant de renaître. Force de reconstruction, intensité de contrôle ou de résilience. Transformation profonde.;
Saturne;Rahu;trigone, sextile;force;3;Structure karmique favorable. Ambition disciplinée.;
Saturne;Ketu;trigone, sextile;force;3;Maturité spirituelle, acceptation des limitations.;
Neptune;Uranus;carré, opposition;defis;1;Tension entre intuition et liberté. Visionnaire mais instable. Conjonction = potentiel créatif mais difficile à canaliser.;
Neptune;Uranus;conjonction;mixte;1;Vision intuitive et innovante, mais risque d’instabilité mentale ou d’idéalisme excessif.;
Neptune;Pluton;carré, opposition;defis;1;Crise spirituelle générationnelle. Doute face aux valeurs collectives, perte de repères. Aspect de mutation culturelle ou mystique.;
Neptune;Pluton;conjonction;mixte;1;Transformation spirituelle profonde, mais possible crise de foi ou perte de repères collectifs.;
Neptune;Uranus;trigone, sextile;force;1;Intuition visionnaire, génie spirituel. Créativité innovante, sensibilité collective futuriste.;
Neptune;Pluton;trigone, sextile;force;1;Transformation spirituelle, compassion puissante. Connexion mystique profonde. Intuition de guérison collective.;
Uranus;Pluton;carré, opposition;defis;1;Révolte intérieure, transformation radicale. Génération du “tout changer” ou de la résistance au pouvoir. Conjonction = grande intensité révolutionnaire.;
Uranus;Pluton;conjonction ;mixte;1;Révolution intérieure intense. Puissance de transformation, mais tension entre chaos et libération.;
Uranus;Pluton;trigone, sextile;force;1;Transformation radicale, puissance visionnaire. Capacité à libérer profondément. Réformateur né.;