BLOC ,POLARITÉ,MAITRE_MAISON,TYPE_DONNEE,VALEUR,INTERPRETATION,,,,
Style,"Femme, Homme",maitre_maison_5,Maison,1,"L’amour devient un acte d’affirmation. Tu séduis par ta présence, ton charisme et ton énergie.","Une relation vivante, directe, basée sur la spontanéité.",Vit l’amour comme un prolongement de soi.,Peut tout ramener à soi ou manquer d’écoute.,affirmation; rayonnement; passion; charisme
Style,"Femme, Homme",maitre_maison_5,Maison,2,L’amour passe par la stabilité et les sens. Tu as besoin d’un lien qui te rassure et te nourrit matériellement ou émotionnellement.,"Quelqu’un de constant, fiable, loyal.","Vit l’amour dans la durée, avec besoin de sécurité.",Peut craindre le changement ou s’enfermer dans la routine.,stabilité; loyauté; sensualité; confort
Style,"Femme, Homme",maitre_maison_5,Maison,3,"L’amour est communication, jeu et curiosité. Tu séduis par les mots, le rire, la complicité mentale.","Une relation vivante, stimulante, pleine d’échanges.",Vit l’amour dans la légèreté et le dialogue.,Peut se disperser ou manquer de profondeur.,curiosité; communication; légèreté; échange
Style,"Femme, Homme",maitre_maison_5,Maison,4,"L’amour se vit dans la tendresse, le cocon et la loyauté. Tu as besoin de te sentir en sécurité pour t’ouvrir.","Quelqu’un de sincère, stable, protecteur.","Vit l’amour comme un foyer, un refuge.",Peut s’attacher trop vite ou se refermer sur le passé.,tendresse; foyer; loyauté; sécurité
Style,"Femme, Homme",maitre_maison_5,Maison,5,"L’amour est ta scène naturelle. Tu rayonnes dans le lien, avec passion et joie de vivre.","Une relation expressive, généreuse, vibrante.",Vit l’amour comme un art d’aimer.,Peut rechercher trop d’admiration ou de contrôle.,passion; rayonnement; joie; reconnaissance
Style,"Femme, Homme",maitre_maison_5,Maison,6,"L’amour devient service, constance, attention aux détails. Tu prouves ton amour en étant présent(e) au quotidien.","Une relation fiable, stable, sincère.","Vit l’amour dans le soin, la fidélité, la régularité.",Peut s’épuiser à trop vouloir faire plaisir.,loyauté; service; régularité; modestie
Style,"Femme, Homme",maitre_maison_5,Maison,7,L’amour passe par le miroir du couple. Tu apprends à aimer à travers la relation consciente à l’autre.,"Quelqu’un d’attentif, doux, équilibré.","Vit l’amour comme une alliance, un partenariat.",Peut dépendre du regard de l’autre pour se sentir aimé(e).,équilibre; union; partage; miroir
Style,"Femme, Homme",maitre_maison_5,Maison,8,"L’amour est intense, transformateur, parfois dérangeant. Tu cherches des liens profonds, exclusifs, qui te transforment.","Une relation fusionnelle, vraie, sans faux-semblant.",Vit l’amour comme une renaissance.,Peut attirer la jalousie ou le contrôle.,intensité; transformation; loyauté; passion
Style,"Femme, Homme",maitre_maison_5,Maison,9,"L’amour te fait grandir, t’élève. Tu cherches un lien inspirant, spirituel, ou nourri par des valeurs communes.","Quelqu’un de libre, curieux, positif.",Vit l’amour comme une aventure intérieure et extérieure.,Peut fuir la routine ou les limites.,liberté; expansion; foi; découverte
Style,"Femme, Homme",maitre_maison_5,Maison,10,"L’amour s’exprime dans la construction, la loyauté et la maturité. Tu veux que ton lien ait du sens et de la durée.","Quelqu’un de solide, stable, digne de respect.",Vit l’amour dans l’engagement et la responsabilité.,Peut trop rationaliser ou contrôler les émotions.,engagement; stabilité; responsabilité; loyauté
Style,"Femme, Homme",maitre_maison_5,Maison,11,"L’amour devient amitié, idéal, liberté partagée. Tu cherches un lien stimulant, moderne, complice.","Quelqu’un de différent, original, libre.",Vit l’amour dans la complicité intellectuelle et l’égalité.,Peut manquer d’ancrage ou craindre la fusion.,liberté; amitié; égalité; originalité
Style,"Femme, Homme",maitre_maison_5,Maison,12,"L’amour est mystère, compassion, fusion. Tu vibres dans des liens d’âme, subtils, sensibles.","Quelqu’un de doux, spirituel, inspirant.",Vit l’amour dans l’intuition et la foi.,Peut se perdre ou idéaliser le lien.,compassion; rêve; mystère; foi
Couple,"Femme, Homme",maitre_maison_7,Maison,1,Attirance pour les personnalités fortes et affirmées. Tu cherches un partenaire qui agit et qui t’aide à te révéler.,"Quelqu’un de direct, entier, sincère.",Vit la relation comme un miroir de soi : l’autre reflète sa propre énergie.,Risque de rapports de force ou de compétition.,affirmation; miroir; passion; courage
Couple,"Femme, Homme",maitre_maison_7,Maison,2,"Besoin d’un partenaire stable, ancré, rassurant. L’amour se vit dans la sécurité et la loyauté.","Une personne fiable, concrète, solide.","Vit la relation dans la durée, à travers la construction matérielle.",Peur de la perte ou du manque de sécurité.,stabilité; loyauté; matérialité; confiance
Couple,"Femme, Homme",maitre_maison_7,Maison,3,"Attirance pour la communication, les échanges, l’intellect.","Quelqu’un de curieux, intelligent, mobile.",Vit la relation comme une complicité mentale.,"Instabilité, dispersion, besoin de renouvellement.",communication; légèreté; curiosité; échange
Couple,"Femme, Homme",maitre_maison_7,Maison,4,"Attirance pour les liens profonds, familiaux, protecteurs.","Quelqu’un de doux, tendre, fidèle.","Vit l’amour comme un refuge, un foyer émotionnel.",Risque de dépendance ou de nostalgie.,tendresse; sécurité; loyauté; famille
Couple,"Femme, Homme",maitre_maison_7,Maison,5,"Attirance pour des partenaires expressifs, solaires, créatifs.","Quelqu’un de passionné, rayonnant.","Vit l’amour dans le plaisir, la passion et la joie.",Peut trop attendre d’admiration ou de reconnaissance.,passion; création; rayonnement; fierté
Couple,"Femme, Homme",maitre_maison_7,Maison,6,"Attirance pour des partenaires fiables, concrets, loyaux. L’amour se vit dans le quotidien et le soutien mutuel.","Quelqu’un de stable, patient, attentionné.",Vit l’amour à travers le service et la régularité.,Peut s’enfermer dans des schémas d’habitude ou de sacrifice.,loyauté; constance; service; patience
Couple,"Femme, Homme",maitre_maison_7,Maison,7,"Attirance pour les relations miroir. Cherche un lien d’égal à égal, basé sur le respect mutuel.","Quelqu’un de juste, équilibré, diplomate.",Vit l’amour dans la réciprocité et la conscience de soi.,Peut dépendre du regard de l’autre pour exister.,équilibre; harmonie; partenariat; miroir
Couple,"Femme, Homme",maitre_maison_7,Maison,8,"Attirance pour les liens intenses, transformateurs.","Quelqu’un de loyal, passionné, entier.",Vit l’amour dans la fusion et la régénération.,Peut attirer des crises ou des relations de pouvoir.,intensité; transformation; loyauté; passion
Couple,"Femme, Homme",maitre_maison_7,Maison,9,"Attirance pour des partenaires inspirants, ouverts, curieux.","Quelqu’un d’aventureux, libre, positif.",Vit l’amour comme une exploration commune.,Peut fuir la routine ou les contraintes.,liberté; expansion; découverte; optimisme
Couple,"Femme, Homme",maitre_maison_7,Maison,10,"Attirance pour les partenaires responsables, ambitieux, structurés.","Quelqu’un de fort, fiable, stable.",Vit l’amour comme un projet ou une mission commune.,Peut sacrifier l’intimité au profit du devoir.,stabilité; respect; réussite; loyauté
Couple,"Femme, Homme",maitre_maison_7,Maison,11,"Attirance pour les liens d’amitié, de complicité, d’égalité.","Quelqu’un de libre, ouvert, différent.",Vit l’amour comme une alliance d’âmes indépendantes.,Peut éviter l’engagement concret ou fuir la fusion.,liberté; amitié; égalité; originalité
Couple,"Femme, Homme",maitre_maison_7,Maison,12,"Attirance pour les âmes sensibles, spirituelles, ou blessées.","Quelqu’un d’intuitif, empathique, discret.",Vit l’amour dans la compassion et le rêve.,Peut s’oublier ou se perdre dans l’autre.,compassion; mystère; fusion; rêve
Style,"Femme, Homme",maitre_maison_7,Signe,Bélier,"Tu abordes les relations avec impulsivité et passion. Tu fonces dans l'engagement, parfois trop vite, porté(e) par l'enthousiasme du début. Tu as besoin d'un partenaire qui te stimule, te challenge, qui a du répondant. L'union doit rester vivante, jamais ennuyeuse. Tu peux te lasser si ça devient trop calme ou routinier. Attention à ne pas brûler les étapes ou à fuir dès que le feu initial retombe.",,,,
Style,"Femme, Homme",maitre_maison_7,Signe,Taureau,"Tu abordes les relations avec un besoin profond de stabilité et de sécurité. Tu prends ton temps pour t'engager, mais une fois dedans, tu es loyal(e) et constant(e). Tu as besoin d'un partenaire qui te rassure matériellement et affectivement. La sensualité et le confort partagé sont essentiels. Tu peux être possessif(ve) ou résister au changement quand la relation évolue.",,,,
Style,"Femme, Homme",maitre_maison_7,Signe,Gémeaux,"Tu abordes les relations avec curiosité et légèreté. Tu as besoin d'un partenaire avec qui parler, échanger, réfléchir — la complicité intellectuelle est non négociable. Tu veux de la stimulation mentale, de l'humour, de la variété. L'union doit rester vivante et amicale. Tu peux avoir du mal avec la routine ou papillonner si tu t'ennuies.",,,,
Style,"Femme, Homme",maitre_maison_7,Signe,Cancer,"Tu abordes les relations avec un grand besoin d'affection et de sécurité émotionnelle. Tu cherches un partenaire qui prend soin de toi, qui te couve, qui crée un cocon. Tu donnes beaucoup mais tu attends beaucoup en retour. L'union est vécue comme une famille. Tu peux devenir dépendant(e) ou infantiliser/te faire infantiliser dans la relation.",,,,
Style,"Femme, Homme",maitre_maison_7,Signe,Lion,"Tu abordes les relations avec un besoin d'admiration mutuelle. Tu veux être fier(ère) de ton partenaire et qu'il/elle soit fier(ère) de toi. Tu as besoin de compliments, de reconnaissance, de chaleur. L'union doit briller, être généreuse, rayonnante. Tu peux souffrir si tu te sens ignoré(e) ou si l'autre ne te met pas en valeur.",,,,
Style,"Femme, Homme",maitre_maison_7,Signe,Vierge,"Tu abordes les relations avec discrétion et pragmatisme. Tu as besoin d'un partenaire fiable, avec qui partager un quotidien organisé, sain, stable. Les réflexions autour de la santé, du bien-être, de l'amélioration mutuelle sont importantes. L'union se construit dans les détails. Tu peux être trop critique ou exigeant(e) envers l'autre.",,,,
Style,"Femme, Homme",maitre_maison_7,Signe,Balance,"Tu abordes les relations comme une quête d'harmonie et d'équilibre. L'union est centrale dans ta vie — tu as besoin d'être en couple pour te sentir complet(e). Tu cherches un partenaire doux, diplomate, qui sait faire des compromis. Tu veux une relation belle, élégante, sans conflit. Tu peux avoir du mal à être seul(e) ou à affirmer tes propres besoins.",,,,
Style,"Femme, Homme",maitre_maison_7,Signe,Scorpion,"Tu abordes les relations avec intensité et profondeur. Tu cherches un partenaire avec qui partager une vraie intimité, y compris sexuelle. L'union peut donner lieu à des rapports de force, des crises, des transformations. Tu veux la vérité, pas la surface. Tu peux être jaloux(se), possessif(ve), ou attirer des dynamiques de pouvoir.",,,,
Style,"Femme, Homme",maitre_maison_7,Signe,Sagittaire,"Tu abordes les relations avec enthousiasme et idéalisme. Tu as besoin d'admirer ton partenaire — son intelligence, sa réussite, sa vision du monde. L'union doit t'élever, te faire grandir, t'ouvrir des horizons. Tu cherches quelqu'un de libre, inspirant, avec qui partager des aventures. Tu peux fuir l'engagement si ça devient trop contraignant.",,,,
Style,"Femme, Homme",maitre_maison_7,Signe,Capricorne,"Tu abordes les relations avec sérieux et maturité. Tu prends ton temps pour t'engager — parfois trop, ce qui peut retarder le mariage ou l'union officielle. Tu cherches un partenaire solide, responsable, digne de confiance. L'union est une construction à long terme. Tu peux être distant(e) émotionnellement ou trop exigeant(e) sur les critères.",,,,
Style,"Femme, Homme",maitre_maison_7,Signe,Verseau,"Tu abordes les relations comme une amitié avant tout. Tu as besoin d'un partenaire original, différent, qui pense de façon avant-gardiste. L'union doit respecter ta liberté et ton indépendance. Tu cherches un lien égalitaire, stimulant intellectuellement, hors des codes traditionnels. Tu peux avoir du mal avec la fusion émotionnelle ou l'engagement conventionnel.",,,,
Style,"Femme, Homme",maitre_maison_7,Signe,Poissons,"Tu abordes les relations avec romantisme et idéalisation. Tu rêves d'une union fusionnelle, spirituelle, ""d'âme à âme"". Tu peux fantasmer le partenaire idéal au point de ne plus voir la réalité. L'amour est vécu comme une expérience mystique. Attention aux illusions, aux déceptions, ou à te perdre dans l'autre en oubliant qui tu es.",,,,
Style,"Femme, Homme",maitre_maison_7,Maison,1,"Tendance à s'identifier au partenaire et aux autres en général. Besoin de la validation des autres concernant sa personnalité. Grand besoin des autres dans sa construction et pour avoir confiance en soi. On aime se montrer aux autres. Donne du charme, de l'attraction.",,,,
Style,"Femme, Homme",maitre_maison_7,Maison,2,"À travers l'amour (et les autres) on recherche avant tout la sécurité, matérielle (que le/la partenaire nous sécurise matériellement) et affective, côté possessif. On peut gagner son argent avec son/sa partenaire. Vision gestionnaire du couple.",,,,
Style,"Femme, Homme",maitre_maison_7,Maison,3,"Besoin de la complicité amicale et intellectuelle, de beaucoup échanger avec l'autre, d'être stimulé(e) intellectuellement par l'autre. On voit l'autre et le/la partenaire comme un(e) ami(e), amour fraternel et gémellaire. Besoin d'un côté libre, vivant, sociabilité forte.",,,,
Style,"Femme, Homme",maitre_maison_7,Maison,4,"Rencontre du/de la partenaire dans le cadre familial possible. On associe l'amour à la vie commune, besoin d'une installation commune dans un foyer, du partage d'une intimité. Besoin de sécurité émotionnelle. Côté enfant possible avec l'autre, ou on attire des personnes un peu enfants.","Rencontre du/de la partenaire dans le cadre familial possible. On associe l'amour à la vie commune, besoin d'une installation commune dans un foyer, du partage d'une intimité. Besoin de sécurité émotionnelle. Côté enfant possible avec l'autre, ou on attire des personnes un peu enfants.",,,
Style,"Femme, Homme",maitre_maison_7,Maison,5,"On cherche avant tout une union d'amour, qui nous fera vibrer, romantisme, côté idéaliste. Besoin de trouver l'autre beau/belle, qu'il/elle nous mette des paillettes dans les yeux. Besoin de maintenir une certaine passion dans la relation, de créer ensemble.",,,,
Style,"Femme, Homme",maitre_maison_7,Maison,6,"On peut rencontrer son/sa partenaire dans le travail, ou travailler avec lui/elle. Le quotidien partagé avec l'autre peut être un sujet important : de partage mais de désagréments également. On peut être amené(e) à prendre soin de l'autre et de sa santé.",,,,
Style,"Femme, Homme",maitre_maison_7,Maison,7,"Très grande importance de l'amour, du mariage et de l'union. On peut avoir un côté indécis sur le choix de la bonne personne. Recherche d'une personne douce, conciliante, avec qui on trouvera un équilibre et on échangera. On peut en demander beaucoup à l'autre.",,,,
Style,"Femme, Homme",maitre_maison_7,Maison,8,"On remet souvent en question notre rapport à l'autre et on peut vivre la relation avec une sensation de méfiance parfois. Importance de la sexualité, de l'intensité dans le couple. L'amour peut être un lieu de crises, de remises en question. On doit transformer notre rapport à l'autre.",,,,
Style,"Femme, Homme",maitre_maison_7,Maison,9,"Partenaire d'origine étrangère possible, ou avec qui on partage le goût du voyage. Admiration de l'autre pour l'aimer, on attire à soi des personnes intellectuelles, qui enseignent, qui guident. Besoin d'évolution spirituelle à travers l'autre. On idéalise parfois trop l'autre.",,,,
Style,"Femme, Homme",maitre_maison_7,Maison,10,"Le/la partenaire peut être un appui pour s'élever socialement ou pour sa carrière, ou on est amené(e)s à travailler avec les autres, dans le relationnel. Importance de la loyauté et de la fidélité dans l'union. L'autre doit avoir de l'ambition, la tête sur les épaules.",,,,
Style,"Femme, Homme",maitre_maison_7,Maison,11,"Recherche d'une personne avec qui on sera ami(e) avant tout, complicité intellectuelle. On voit l'autre dans un grand besoin d'indépendance, ce qui peut être bien vécu ou non (on peut le lui reprocher). Amitiés nombreuses. Attrait pour les personnes différentes.",,,,
Style,"Femme, Homme",maitre_maison_7,Maison,12,"Vision de l'autre pas toujours facile: côté fusionnel dans les relations, mais on attire parfois des personnes fuyantes. On a du mal à comprendre les autres. Côté secret dans la relation, besoin d'être compris sur le plan émotionnel. Fantasmes qui amènent parfois de la déception.",,,,
Intime,"Femme, Homme",maitre_maison_8,Maison,1,L’intensité te traverse entièrement : chaque relation te transforme.,"Quelqu’un de fort, vrai, sans faux-semblant.",Vit l’amour dans l’affirmation de soi et la passion.,"Peut tout ramener à soi, peur d’être vulnérable.",transformation; ego; pouvoir; passion
Intime,"Femme, Homme",maitre_maison_8,Maison,2,La transformation passe par la sécurité et la matière. Tu cherches la stabilité après la crise.,"Quelqu’un de fiable, concret, rassurant.",Vit l’amour comme un ancrage régénérant.,"Peur de perdre ou de manquer, besoin de contrôle.",stabilité; sécurité; attachement; reconstruction
Intime,"Femme, Homme",maitre_maison_8,Maison,3,"L’intensité se vit dans les échanges, les confidences, le mental.","Quelqu’un de communicatif, curieux, subtil.",Vit l’amour dans le dialogue profond et les secrets partagés.,"Trop d’analyse, peur de se livrer vraiment.",parole; confidence; compréhension; contrôle
Intime,"Femme, Homme",maitre_maison_8,Maison,4,"La transformation vient de la sphère intime, familiale ou émotionnelle.","Quelqu’un de fidèle, tendre, protecteur.",Vit l’amour comme un refuge transformatif.,Peut se refermer ou rejouer les schémas familiaux.,tendresse; loyauté; sécurité; guérison
Intime,"Femme, Homme",maitre_maison_8,Maison,5,L’amour devient un espace de régénération créative.,"Quelqu’un de solaire, généreux, passionné.",Vit la passion comme un moteur de transformation.,"Besoin d’être admiré(e), peur du rejet.",passion; créativité; fierté; feu
Intime,"Femme, Homme",maitre_maison_8,Maison,6,"Tu vis la transformation dans le service, la constance, la guérison du quotidien.","Quelqu’un de loyal, attentif, patient.",Vit l’amour comme un espace de soin et de reconstruction.,"Fatigue émotionnelle, sacrifice de soi.",loyauté; guérison; patience; dévouement
Intime,"Femme, Homme",maitre_maison_8,Maison,7,Les relations sont ton miroir le plus intense.,"Quelqu’un de juste, conscient, engagé.",Vit l’amour comme un chemin d’évolution.,"Dépendance, peur du rejet ou de la trahison.",miroir; engagement; loyauté; fusion
Intime,"Femme, Homme",maitre_maison_8,Maison,8,"Intensité décuplée. Tu vis la vie, l’amour et la mort comme des initiations.","Quelqu’un de fort, loyal, courageux.",Vit la passion comme un absolu.,"Crises, fusion, contrôle, peurs inconscientes.",transformation; pouvoir; vérité; passion
Intime,"Femme, Homme",maitre_maison_8,Maison,9,Tu cherches le sens derrière la douleur. L’amour est un espace de transcendance.,"Quelqu’un de libre, conscient, inspirant.",Vit la passion dans la foi et la connaissance.,"Fuite, excès de spiritualisation.",expansion; foi; quête; philosophie
Intime,"Femme, Homme",maitre_maison_8,Maison,10,"L’intensité se manifeste dans la carrière, la responsabilité, l’image sociale.","Quelqu’un de stable, ambitieux, loyal.",Vit l’amour comme un engagement durable.,"Contrôle, rigidité, peur de perdre la face.",responsabilité; stabilité; endurance; loyauté
Intime,"Femme, Homme",maitre_maison_8,Maison,11,"Tu cherches la régénération par les amitiés, les groupes, les idéaux communs.","Quelqu’un d’ouvert, différent, libre.",Vit l’amour comme une amitié évolutive.,"Peur de la fusion, besoin de distance.",liberté; amitié; différence; vision
Intime,"Femme, Homme",maitre_maison_8,Maison,12,L’amour devient guérison karmique. Tu vis les liens comme des traversées d’âme.,"Quelqu’un de spirituel, sensible, silencieux.",Vit l’amour dans la compassion et l’abandon.,"Dépendance, confusion, attachement sacrificiel.",compassion; foi; mystère; karma