DONNEE,MAISON,SIGNE,INTERPRETATION,BLOC,PRIORITE
maison,1,bélier,"Personnalité intense, passionnée, courageuse, parfois agressive ou impulsive. Force d'énergie, personne active, qui aime la compétition, le combat, le dynamisme, agir, entreprendre.
Peut aimer le sport, les sports de combat, la compétition sportive.
Aura besoin de bouger, se dépenser.
Prises de décisions directes, vives et impulsives, agit selon son instinct. Tendance à être entier, à s'affirmer, à craindre la domination d'autrui, à parler fort et à s'imposer.
La colère et une tendance à être hyperactif peuvent parfois être problématiques. La modération et la patience sont à travailler.",,
maison,1,taureau,"Ascendant paisible, calme, simple qui aime sa routine. Il a besoin de temps pour se lancer dans quelque chose de nouveau, pour réfléchir, savoir si il se sent en sécurité. Le temps est important pour l'ascendant taureau, il est plutôt lent dans sa manière d'agir.
C'est un ruminant. Il a du mal à s'adapter et à changer, et a besoin de temps pour le faire. Il doit ""ruminer"", l'information et au bout d'un certain temps il accepte la nouvelle idée, de changer de point de vue. Il est fiable, impliqué, endurant.
Il est épicurien, appréciant les plaisirs simples de la vie, le sexe sensuel, les massages, la nourriture, le sommeil.",,
maison,1,gémeaux,"L'ascendant gémeaux sera drôle, sociable, semblant extraverti et à l'aise dans les relations. Il aura tendance à être bavard, curieux et actif, il aime communiquer.
Il a besoin de vivre continuellement des expériences d'apprentissage, pour se développer intellectuellement, débordant de curiosité.
Il ne sera pas toujours fiable, parfois un peu volage et léger vis-à-vis des relations intimes et de ses engagements. Il peut avoir peur de s'investir émotionnellement.
Il fait jeune, physiquement et dans sa manière d'être, c'est l'éternel adolescent.",,
maison,1,cancer,"La sensibilité est de mise, les émotions sont particulièrement présentes. L'ascendant cancer est émotif, doux et tendre. Il est très sensible à son environnement, généreux, proche de siens. Il a besoin d'être entouré, rassuré, aimé. Il peut avoir tendance à faire du chantage affectif et culpabiliser un peu les autres. Il se comportement comme une petite fille ou un petit garçon.
La famille est une valeur forte engendrant une fidélité et proximité avec ""son clan"" et le besoin de créer son propre foyer, d'être en couple et avoir des enfants.
Très casanier, il aime les plaisirs partagés autour de la nourriture (le sucre en particulier), du cocooning... pas très sportif, n'aimant pas trop les nouveautés, les situations insécurisantes.",,
maison,1,lion,"Le cas de l'ascendant lion est particulier, parce-qu'il renforce le signe solaire puisque le soleil définit le signe et que le maître du lion est le soleil. C'est comme si le signe, quel qu'il soit, était doublé. Ex: scorpion ascendant lion, renforce le scorpion.
Le besoin d'attention est important, prestance, charisme, séduction, mais aussi forte créativité, passion, il cultive une âme d'enfant.
Attitude protectrice, chevaleresque, réclamant des compliments et supportant difficilement la critique. Il est susceptible, acceptant mal de se tromper, d'être jugé par les autres. Il a besoin d'être vu, reconnu, il se met en avant, réclamant des compliments.",,
maison,1,vierge,"L'ascendant vierge dégage une attitude de rigidité, de rigueur, de sérieux, un peu sèche et à cheval sur les règles. Elle prend des précautions avant d'agir, mais une fois lancée elle peut beaucoup porter. Dévouée, elle porte une morale et des principes, elle a besoin d'être utile, elle a le sens du devoir accompli.
Son travail va compter, le goût de le tâche bien faite. Maniaque, perfectionniste, elle se sentira bien en prenant soin de son intérieur, en vivant dans un cadre qu'elle s'impose.
Très exigeante, elle aura du mal à se sentir satisfaite d'elle même.
Elle a tendance à donner des conseils aux autres concernant la santé, le quotidien, elle prend soin de son corps et de son alimentation qu'elle veut naturelle.",,
maison,1,balance,"L'ascendant balance possède un charme qui attire les autres. Elle recherche une véritable harmonie dans ses relations, un équilibre dans sa vie. Elle est attirée par la beauté, dotée d'une sensibilité esthétique et artistique. Elle aura besoin que son environnement soit beau, de bon goût.
Elle recherche la paix intérieure ce qui la fait souvent hésiter sur le bon choix à faire, ne trouvant jamais le fameux juste milieu.
Elle aura tendance à vouloir faire plaisir à tout le monde et au nom de cet équilibre, elle cherchera à lisser les discours et situations, jouer la médiatrice, apaiser. Elle a besoin de montrer un certain vernis d'entretenir une bonne image d'elle qui aura tendance à l'enfermer.",,
maison,1,scorpion,"L'ascendant scorpion possède une aura puissante et un magnétisme qui peut intimider. Sa détermination, son intelligence, sa pertinence, sa façon de mettre à nu les autres, son intuition peuvent profondément déstabiliser.
Il déteste la superficialité et sera en recherche de profondeur dans sa vie et dans ses relations. Il sera sans cesse en train de creuser les réflexions et les idées.
Ayant tendance à être anxieux, il se remet beaucoup en question mais évite de le montrer. Mystérieux, il cache ses émotions par crainte de montrer sa vulnérabilité. Si c'est le cas, il aura tendance à attaquer. Il peut être jaloux et exclusif.
Il aime l'ésotérisme, le paranormal, il est fasciné par la mort.",,
maison,1,sagittaire,"L'ascendant sagittaire a besoin de découvrir, de vivre des aventures. Il est passionné, enthousiaste, bourré d'optimisme et a envie de profiter de la vie, goûtant aux excès.
Il est plein de joie de vivre contagieuse, d'humour.
Il est en recherche de sens, de compréhension. Il mène une quête intérieure pour se comprendre et comprendre le monde. Il la mène à travers les grands voyages, les études dans les domaines intellectuels, et la spiritualité, la religion. La liberté et l'intelligence comptent pour lui. Il a besoin de transmettre son savoir et ses connaissances.
Il est généreux, il aime donner des conseils et aime qu'on les suive.",,
maison,1,capricorne,"L'ascendant capricorne est stable, sédentaire, solitaire, mettant en place une véritable discipline de vie. Il aime se retrouver avec lui-même, et évite la foule, les groupes.
Il a une vie sérieuse, organisée, où le travail prend une place centrale. Il prendra plus de plaisir à suivre ses buts et objectifs, que de s'amuser en soirée. Il aura aussi peu tendance à se reposer, priorisant ses exigences et sa carrière.
Il se pose généralement des objectifs très ambitieux, et il aime diriger. Il est mature, plein de sagesse, patient, et se réalisera sur le long terme, avec du temps. Il a tendance à être pessimiste, fataliste, taciturne. Il s'enquiert peu de l'avis des autres, ne prenant pas en compte le jugement",,
maison,1,verseau,"L'ascendant verseau fonctionne dans son mental et dans ses idées. Plutôt froid et distant, il comprend mal le monde des émotions et rationnalise tout. Il semble alors détaché des autres, préférant les relations impersonnelles ou les amours libres que les relations engagées et les intimes. Il aimera ses groupes d'amis, mais se confiera peu à eux et restera détaché.
Ce qui compte c'est sa liberté, son indépendance et affirmer son originalité. Il a tendance à être rebelle, militant, prônant une certain vision du monde, ayant une vision globale, mondiale, aimant les concepts sociologiques et politiques. Il est inventif, novateur, avant-gardiste, ce qui le marginalise parfois. Il aime ce qui sort de l'ordinaire.",,
maison,1,poissons,"L'ascendant poissons est très sensible et perméable aux ambiances et émotions des autres, à son environnement. Intuitif, il ressent facilement le monde invisible, la spiritualité étant nécessaire pour son équilibre, lui qui a du mal à se confronter à la réalité du monde.
Parfois fuyant, il peut aussi être très fusionnel, vivant dans ses rêves et fantasmant l'amour. Il peut être difficile à cerner, ayant du mal à sengager sans lui même savoir pourquoi, vivant dans une forme de brouillard.
Il semble déconnecté, cyclique, insondable, il vit dans une autre sphère. Il aime l'art, la musique, il peut être sensible aux addictions.",,
maison,2,bélier,"On gagne et dépense son argent de façon impulsive, esprit parfois agressif pour défendre ses intérêts financiers. On travaille avec ardeur pour gagner sa vie. Les habitudes alimentaires peuvent être source de troubles digestifs.",,
maison,2,taureau,"Position naturelle de la maison 2, on peut être très conservateur concernant ses acquis, mais aussi vouloir partager avec ses proches le fruit de son travail. Persévérance dans le travail, sens des affaires. Attachement presque sensuel aux biens matériels.",,
maison,2,gémeaux,"Donne de la mobilité intellectuelle pour gérer les finances au quotidien, mais difficile de faire des économies, tendance à dépenser. Adaptabilité pour se sortir de périodes difficiles et trouver des solutions.",,
maison,2,cancer,"On utilise son argent pour sa famille, pour sa maison. On peut hériter de l'argent de sa famille pour pouvoir vivre confortablement. Avec cette position on peut être amené à gagner sa vie en restant à la maison.",,
maison,2,lion,"Amour de l'argent, du faste, du clinquant, recherche d'une abondance financière et réussite matérielle. On aime pas particulièrement le travail dur, mais on veut réussir pour briller et vivre dans un certain confort.",,
maison,2,vierge,"Sens pratique, méthode pour gérer un budget. Les dépenses sont surveillées de près. Technicité dans le travail, on doit gagner sa vie en se rendant utile. Un secteur de dépense plus important concernant la santé, étroitement surveillée !",,
maison,2,balance,"L'argent ne doit pas constituer une source de disharmonie, donc on l'utilise pour rendre le foyer accueillant, beau, agréable.
Générosité avec les proches. Le besoin de s'associer dans son travail est important, de travailler avec les autres.",,
maison,2,scorpion,"L'argent n'est pas utilisé pour vivre mais pour augmenter en pouvoir. Problèmes financiers possibles au sujet d'héritages ou de placements, mais le scorpion sait se transformer pour régler la situation.",,
maison,2,sagittaire,"L'argent permet surtout l'acquisition d'une certaine place et reconnaissance dans la société. On aime le luxe, les belles choses, mais on saura aussi être généreux. L'argent peut venir de l'étranger.",,
maison,2,capricorne,"Sens de l'économie, qui est gagné par le biais d'un travail rigoureux. L'ambition n'est pas d'accumuler des biens matériels, mais de gagner lentement mais sûrement son argent pour de vraies raisons. Acheter un bien immobilier, par exemple.",,
maison,2,verseau,"L'argent devrait toujours être redonné pour des causes sociales, ou pour aider ses amis. Peu d'attache aux biens matériels, jugés superficiels. Argent gagné dans un travail indépendant ou en association, d'une manière novatrice.",,
maison,2,poissons,"Manque de sens pratique dans le sens matériel. Manque d'objectivité dans les finances, fortement influençable sur les placements à faire. Difficulté à faire face aux problématiques matérielles, va utiliser son intuition pour se sortir des situations.",,
maison,3,bélier,"Les disputes ont pu être nombreuses dans la fratrie et avec l'entourage. La mémoire est courte, et on organise les voyages à la hâte sans s'organiser. Le raisonnement et la réflexion sont impulsifs, manquant d'anticipation.",,
maison,3,taureau,"L'esprit manque de légèreté et de curiosité, il est centré sur des préoccupations concrètes et on manque d'ouverture intellectuelle. L'esprit est plus lent, et a besoin de temps pour se formaliser. Charme dans sa manière de s'exprimer.",,
maison,3,gémeaux,"Position naturelle de la maison 3. Esprit rapide, adaptable, parfois trop superficiel et dispersé, on passe d'une idée à l'autre.
Présence de frères et soeurs et lien fort, gémellité. Aisance dans la communication, selon l'état de Mercure.",,
maison,3,cancer,"Fratrie très ""famille"", proximité. Esprit tourné vers des préoccupations familiales, liées au foyer, goût pour la généalogie. Pour réfléchir on se fie à son intuition et à son ressenti.",,
maison,3,lion,"Ego intellectuel, on a envie de montrer sa capacité de réflexion.
On a pris une place particulière dans sa fratrie. On aime les voyages confortables. Esprit dominant, goût pour tout ce qui est beau et artistique.",,
maison,3,vierge,"Esprit critique et analytique, mais l'amour du détail perturbe le raisonnement et le discours. On sera organisé dans les voyages, les commerces. On peut devenir critique d'art ou culinaire.
Fratrie un peu distante, entourage centré sur le quotidien.",,
maison,3,balance,"Qualités artistiques, en particulier dans le théâtre, les exercices de communication et de jeu. Rejet de la solitude, mondanités, grande sociabilité. Harmonie dans les relations à l'entourage et avec les frères et soeurs.",,
maison,3,scorpion,"Intérêt intellectuel fort en particulier pour l'occulte, les mystères, la mort. On communique de manière tranchante et percutante, on réfléchit avec profondeur, on se questionne. Difficultés avec la fratrie.",,
maison,3,sagittaire,"Intérêt pour les hautes études, la philosophie, la religion. On délaisse l'intellect immédiat pour s'enthousiasmer de grandes découvertes. Les cultures étrangères et les grands voyages nourrissent.",,
maison,3,capricorne,"Excellente mémoire, endurance intellectuelle, force de travail, projets exigeants menés dans le temps malgré un certain pessimisme. Structure des idées. Froideur avec l'entourage familial et les frères et soeurs.",,
maison,3,verseau,"Esprit de synthèse plus qu'esprit analytique, pensée dogmatique tournée vers les préoccupations sociales. Grand besoin d'amitiés, grands groupes d'amis et amitiés proches, relation parfois distante avec l'entourage.",,
maison,3,poissons,"Intellect un peu noyé, dilué. Il est difficile de réfléchir concrètement, mener une idée à terme. On est perméable et influençable aux idées de l'entourage. Étude autour de la méditation, la spiritualité. Fusion avec les frères et soeurs.",,
maison,4,bélier,"Les relations familiales ont souvent été source de conflits, voire de violence (pas forcément physiques, mais morales). Les difficultés de communication n'ont pas permis de résoudre ce qui posait problème au sein du foyer et les non-dits ont crée de la colère. La compétition pouvait être rude. Le foyer pouvait être aussi dynamique, sportif, aventurier, partant souvent en expéditions.",,
maison,4,taureau,"L'argent pouvait être une question importante au sein du foyer.
La famille était assez soudée, voire très envahissante, possessive.
C'est souvent l'image du parent ""poule"", qui voulait gérer à la place de l'enfant, lui laissant peu d'autonomie. Les membres du foyers devaient rester unis, rattachés à la maison, pour éviter l'insécurité, l'anxiété étant présente dans ce modèle familial.",,
maison,4,gémeaux,"La famille prônait la valeur intellectuelle, la curiosité, l'apprentissage. Le parent pouvait être joueur, complice ou parent-copain. Il pouvait y avoir un fort duo entre le parent et l'enfant. La fratrie a pu beaucoup compter dans le foyer. Les parents pouvaient être enseignants. Beaucoup d'amis pouvaient venir au foyer, considérés comme des membres de la famille.",,
maison,4,cancer,"Position en domicile du cancer et du capricorne. La famille était essentielle au fonctionnement de l'individu. La valeur familiale, l'importance du clan, des réunions et du partage affectif, des traditions ont parfois conféré à la dépendance affective vis-à-vis des parents. Il n'a pas été facile de grandir et partir de la maison Le référentiel éducatif, les normes et valeurs familiales impactent profondément l'individu tout au long de sa vie.",,
maison,4,lion,"La fierté familiale a pu devenir une valeur, la sensation d'être une famille unique, mieux que les autres. Importance du confort, du lieu de vie qui doit être chaleureux et agréable. Foyer créatif, valorisant pour l'individu mais parfois égocentrisme familial difficile à porter, chacun voulant tirer la couverture à lui.",,
maison,4,vierge,"La santé est souvent au centre des préoccupations familiales, avec une gestion assez organisée du quotidien, des soins. Le travail a pu éloigner un parent qui était centré sur son activité professionnelle. Il y avait des règles, des principes et du jugement parental. Cette position est assez froide au niveau affectif.",,
maison,4,balance,"Les relations harmonieuses au sein de la famille ont été primordiales. Cependant, le regard des autres a pu être trop prégnant, mettant une pression sur l'individu. Le parent donnait à l'extérieur une image de lui lisse, ""de bon parent"", mais la réalité dans l'intimité a pu être tout autre. La beauté, l'esthétique, la décoration du lieu ont été des valeurs importantes.",,
maison,4,scorpion,"Image d'un foyer anxiogène, parent(e) angoissé(s), anxiétés financières, peurs, stress quotidien. Il y a pu y avoir des événements, des traumatismes au cours de l'enfance. Cela peut signifier une destruction du foyer, un mal-être pendant l'enfance et avec le parent. Angoisses financières, tabous et secrets familiaux.",,
maison,4,sagittaire,"La famille peut venir de l'étranger, ou elle a pu beaucoup voyager. Ça peut être l'image d'une famille bourgeoise, vivant dans le luxe et l'apparat. Les principes religieux et moraux ont pu être transmis. Les parents pouvaient être enseignants. La question de sa place dans la famille a été importante, avec le sentiment d'en manquer, de ne pas être reconnu par les autres membres.",,
maison,4,capricorne,"Froideur familiale, discipline excessive, rapports difficiles avec le parent. La demande de la famille était la réussite professionnelle, l'attrait pour le dépassement de soi, pour la poursuite d'objectifs.
Un parent a pu beaucoup commander, condamner, manquer de tendresse pour l'individu. Il était important de réaliser des tâches à la maison, de travailler, d'être sérieux et rigoureux, laissant peu de place au rire et au plaisir.",,
maison,4,verseau,"Le FDC en verseau est particulier, il peut y avoir le sentiment de différence, d'avoir été différent dans sa famille, de ne pas avoir été admis et accepté dans sa personnalité, son originalité.
Le foyer était non conventionnel, totalement en rupture avec les autres normes familiales, avec la revendication d'être différent.
Vie hors norme, éducation politique et intellectuelle. Froideur.
Importance des amitiés, des regroupements.",,
maison,4,poissons,"Cette configuration est difficile : le fond du ciel c'est nos racines, qui ont bien du mal à s'ancrer dans le grand océan du poissons.
C'est comme un arbre qui tente de pousser dans l'eau. Base peu sécurisante, pas de règles à la maison, beaucoup de non-dits, alcoolisme d'un parent. Importance de la musique, de l'art, de la spiritualité, vie marginale, hors des règles, modèle de référence flou, peu de cadre. Généalogie floue.",,
maison,5,bélier,"L'amour est impulsif, coups de foudre, amour intense mais on s'emballe vite et on arrête vite la relation si on se lasse.
Aventures amoureuses, on aime séduire. Enfant: archétype masculin, plutôt hyperactif.",,
maison,5,taureau,"Sensualité dans les sentiments, fidélité, loyauté. Amours durables. Créativité forte. Engagement et cohérence dans les loisirs, activités qui demande du temps et de la méthode.
Enfant: archétype féminin, enfant calme et proche de son foyer.",,
maison,5,gémeaux,"Vie amoureuse légère et volage, recherche constante de son double, et de nouveautés. Amitiés amoureuses. Energie créative forte, créativité abondante mais dispersion. Enfant: archétype masculin, nerveux, jumeaux, intelligent et vif.",,
maison,5,cancer,"Recherche maternante dans les amours, volonté de construire un foyer, associe les sentiments à une création familiale. Créativité et sensibilité, besoin de s'exprimer. Enfant: archétype féminin, enfant doux, affectueux, fusion et amour fort avec l'enfant.",,
maison,5,lion,"Position naturelle de la maison 5. Amour intensément vécu, relations passionnelles, grande créativité. Recherche de paraître, de séduire. Recherche de joie, d'expression de soi, de briller.
Enfant: archétype masculin, qui aime être vu et reconnu.",,
maison,5,vierge,"Sentiments analysés, disséqués, ce qui altère la spontanéité. On recherche de la structure et des règles en amour. Besoin de se sentir utile dans son expression créative. Autocritique. Enfant :
archétype féminin, enfant sage et mature.",,
maison,5,balance,"L'amour est vu comme une nécessité, il y a le besoin de se mettre en couple, l'amour est romantique et beau. Exagération des sentiments dans la relation. Collaboration créative. Enfant :
beauté, cherche à charmer, créatif et sociable.",,
maison,5,scorpion,"La sexualité a une place privilégiée dans les rapports amoureux.
Sentiments profonds, exclusifs, jalousie excessive. Méfiance envers l'amour parfois car rend vulnérable. Désir de pouvoir.
Enfant : enfant anxieux, intelligent.",,
maison,5,sagittaire,"Protection envers ses amours. Générosité, recherche d'aventure et de passion, d'admirer les personnes que l'on aime. Attrait pour les voyages pendant les vacances, volonté d'être vu.
Enfant: explorateur, aimant apprendre, joyeux.",,
maison,5,capricorne,"On reste plutôt solitaire dans ses amours, mais quand on s'engage c'est durable. On met du temps à rencontrer la bonne personne. La créativité doit être productive et ambitieuse.
Enfant: sérieux, plus mature que son âge.",,
maison,5,verseau,"Amitiés amoureuses, distance avec les sentiments amoureux, indépendance. Besoin de partage intellectuel dans les relations.
Création partagée en groupe. Enfant: archétype masculin, indépendant, différent, intelligent, aimant découvrir des choses.",,
maison,5,poissons,"Grande sensibilité et création artistique, émotions dans sa manière de créer. Amours fusionnels, mais peut fuir devant des contraintes. Enfant: fusionnel, doux, sensible, rêveur, plein d'imagination.",,
maison,6,bélier,"
Tensions dans l'environnement professionnel, vécu difficile des contraintes. Métier actif, dynamique, sportif, carrière militaire, entreprenariat si Mars bien positionné. Santé: maux de tête, éruptions et inflammations.",,
maison,6,taureau,"


Métier mené avec rigueur et sérieux, engagement et gestion dans la profession. Restauration, nourriture, agriculture, massages, voie artistique et plastique, sculpture ou domaine financier. Santé: gorge fragile.",,
maison,6,gémeaux,"Changements de métiers au cours de la vie, intérêt pour de multiples domaines, instabilité professionnelle. Écriture, journalisme, métiers de communication, commerçant, voleur, coursier. Santé: poumons et système nerveux fragiles.",,
maison,6,cancer,"Travail en relation avec sa famille, ou avec des familles, des enfants. Besoin de travailler en fonction de sa sensibilité. Agent immobilier, décorateur d'intérieur, métiers liés à l'eau, pâtisserie, travail au foyer. Santé: digestion et estomac fragiles.",,
maison,6,lion,"Volonté de diriger, d'être mis en avant, amour pour son travail, forte volonté et créativité dans son métier. Chef, costumier, métiers du show business, couturier, caridiologue, bijoutier.
Santé: colonne vertébrale et coeur à surveiller.",,
maison,6,vierge,"Position naturelle de la 5. Volonté de servir et d'être utile, sens du devoir. Métiers du soin et de santé: pharmacie, diététique, infirmier.e, aide sangnant.e, kiné, domestique, comptable, administratif. Santé : système digestif (intestins).",,
maison,6,balance,"Partenariats, associations, besoin d'une atmosphère harmonieuse. Juge, notaire, diplomate, législateur, danseur, artiste, collectionneur d'art, modiste, esthéticienne, carrière artistique. Santé: articulation, vessie et reins à surveiller.",,
maison,6,scorpion,"Vie professionnelle mal vécue. Métiers autour de l'occulte, de la recherche sur l'humain (philo, psy, enquêteur...), gynécologue, astrologue, médium, voyant, antiquaire, éboueur, pompes funèbres. Santé: organes sexuels et anus à surveiller.",,
maison,6,sagittaire,"Besoin de réussir dans son travail, volonté d'élévation sociale.
Explorateur, équitation, tourisme, enseignement, chercheur, député, juge, ambassadeur, notable, ministre, chef, député.
Santé: hanches, cuisses, circulation sanguine et foie à surveiller.",,
maison,6,capricorne,"Ambition, sérieux et endurance dans son métier. Système hiérarchique respecté, mais aussi besoin de diriger. Spéléologue, guide montagne, archiviste, historien, archéologue, président, ostéopathe, directeur. Santé: os, dents et genoux fragiles.",,
maison,6,verseau,"Parcours atypique, besoin d'être novateur dans son métier.
Ingénieur, inventeur, astronaute, aviateur, électricien, technologie et réseaux sociaux, anarchiste, leader de parti, informatique. Santé: système nerveux et veineux à surveiller.",,
maison,6,poissons,"Incertitudes professionnelles, dimension d'amour dans son métier. Guérisseur, médium, prêtre, voyant, barman, trafiquant de drogues, Marine, professions hospitalières et religieuses, musicien, artiste. Santé : circulation et santé mentale.",,
maison,7,bélier,"Recherche d'un partenaire dynamique, entreprenant, actif, qui ne se laisser pas faire et qui s'affirme. Recherche d'une personnalité qui cherche à gagner, à agir, qui va faire des choses, qui sera dans de l'impulsivité.
La question de la domination dans le couple risque d'être au centre des problèmes rencontrés.",,
maison,7,taureau,"Recherche d'un partenaire qui saura sécuriser l'ascendant scorpion, qui lui permettra de sentir entouré. L'ascendant scorpion anxieux se sentira rassuré avec le taureau. Le partenaire sera loyal, fidèle, on pourra compter sur lui, il aura beaucoup de certitudes.
Le couple cherchera à construire ensemble au niveau matériel.
C'est l'image du couple possessif.",,
maison,7,gémeaux,"Recherche d'un partenaire avec qui on pourra lier une complicité, une amitié, avec qui on pourra être complice.
La communication sera essentielle dans le fonctionnement du couple, le partenaire sera bavard, parfois un peu immature et léger. Le partage intellectuel sera de mise avec un conjoint curieux d'apprentissage.
La qualité intellectuelle sera moteur dans la bonne entente et le désir du couple.",,
maison,7,cancer,"Recherche d'un partenaire sensible, doux, émotif, avec qui construire une famille et qui sera tendre et attentionné, tourné vers sa famille et vers son foyer. L'ascendant capricorne en aura besoin pour atténuer sa froideur, pour ouvrir son coeur.
Le projet avec ce descendant est de construire un foyer stable, pour retravailler sur son passé et sa propre histoire.",,
maison,7,lion,"Recherche d'un partenaire brillant, que l'on pourra admirer et complimenter, un brin orgueilleux, mais lumineux, généreux, créatif. Il sera susceptible, et aura besoin d'être reconnu pour que le couple fonctionne.
La problématique sera de réussir à gérer l'égo de chacun dans le couple, pour qu'aucun des deux ne prenne toute la place.",,
maison,7,vierge,"Recherche d'un partenaire qui donnera du cadre à l'ascendant poissons un peu flou et perdu. Elle lui permettra de trouver un cadre sécurisant et de concrétiser des choses. Le partenaire sera un peu rigide, à cheval sur des principes, perfectionniste et travailleur.
Le couple aura tendance à être un sujet d'analyse, rationnalisant la relation plutôt que de se laisser aller aux sentiments.",,
maison,7,balance,"Recherche d'un partenaire qui apaisera la personnalité fougueuse de l'ascendant bélier. Le partenaire sera doux, très beau ou belle, charmant, et mettra de l'harmonie dans le foyer. Il y a besoin de cette notion d'esthétique !
Le besoin d'amour est fort, le besoin de construire une relation est important dans la vie. Le couple devra renvoyer une bonne image auprès des autres.",,
maison,7,scorpion,"Recherche d'un partenaire qui sera profond, et permettra à l'ascendant taureau de sortir de ses certitudes pour affronter une autre palette émotionnelle, apprendre l'introspection et les questionnements.
La vision de l'amour sera profonde, mais tourmentée. Il y a un rapport de pouvoir dans le couple qui peut perturber la relation, une recherche de partenaire anxieux. La sexualité est essentielle.",,
maison,7,sagittaire,"La question du mariage sera importante, même si la liberté prime dans ce placement. Recherche d'un partenaire qui prend de la place, qui a confiance en lui, qui prend les devants.
Il y a le besoin d'admirer son partenaire, de l'idéaliser. Le partenaire devra avoir une réussite financière et/ou socio-professionnelle, un savoir faire et une maîtrise dans son domaine.
L'amour sera vu comme passionné, fait d'aventure.",,
maison,7,capricorne,"Recherche d'un partenaire qui sécurisera et prendra la vie de la maison en main, qui dirigera et gérera les choses, ce qui est sécurisant pour l'ascendant cancer. Le partenaire devra être mature, intelligent, parfois plus âgé.
La construction du couple peut être plus tardive, avec des périodes de célibat.",,
maison,7,verseau,"Recherche d'un partenaire qui sera intelligent, intellectuel, qui sera différent des autres. La supériorité intellectuelle sera essentielle pour les sentiments, pour que l'ascendant lion se sente unique à ses côtés.
Le problème sera l'indépendance, à la fois recherchée et redoutée pour l'ascendant lion. Les partenaires seront souvent libres, pas toujours prêts à s'engager. Le couple devra être un terrain d'apprentissage, pour accepter la liberté de chacun.",,
maison,7,poissons,"Recherche d'un partenaire qui sera dans le lâcher prise afin d'aider l'ascendant vierge à se sentir plus sereine et détendue, à prendre du recul sur les détails. Les partenaires seront parfois fuyants, peu engagés
L'amour est fantasmé. Il y a un besoin de fusion dans la relation, de vibrer. Et en même temps, la notion de relation est floue, les rôles et places de chacun ne sont pas faciles à définir.",,
maison,8,bélier,"Vécu d'une certaine répression dans l'enfance, difficulté pour s'exprimer et s'affirmer, colère problématique: on a peur de sa colère ou on fuit celle des autres. Peur des conflits, de ses désirs et pulsions. Empressements financiers.",,
maison,8,taureau,"Dans l'enfance, instabilité, crises relationnelles, empêchement de la joie de vivre. Peur d'exprimer son affection, de vivre sa sexualité, crainte de la trahison. Importance de l'acquisition de biens terrestres et de la transmission.",,
maison,8,gémeaux,"Difficulté pour s'exprimer, interdit de la parole, empêchement de la curiosité, de la découverte, environnement d'enfance non stimulant intellectuellement. Peur de s'ouvrir au monde. La question de la mort et de ses mystères hante l'intellect.",,
maison,8,cancer,"Le lien à la famille ne s'est pas fait: décès d'un proche, manque d'un point d'ancrage, empêchement d'exprimer ses émotions.
Créer sa propre famille peut faire peur, sa sensibilité fait peur.
L'argent est dépensé pour se créer un cocon rassurant.",,
maison,8,lion,"Remise en question de l'égo, dû à une structure familiale répressive, qui n'a pas permis d'avoir confiance en soi, qui a empêché l'expression, règles trop strictes. Peur de devenir égocentrique. Responsabilités assumées sur le plan matériel.",,
maison,8,vierge,"Famille qui a pu beaucoup critiquer, engendrant un manque de confiance en son intelligence. Le rapport au corps et à la santé pouvait poser problème dans la famille. Peur de la maladie, peur de ne pas être capable. Inquiétudes sur le plan financier.",,
maison,8,balance,"Importance des conflits dans l'enfance, mésententes et manque d'harmonie, image dissonante entre le vécu familial et l'image renvoyée aux autres. Solitude dans l'enfance. Peur de la méchanceté. Finances déséquilibrées.",,
maison,8,scorpion,"Position naturelle de la maison 8. Vécu de nombreuses situations douloureuses, traumatismes, engendrant de la négativité et la peur que ses blessures refassent surface. Profonde capacité pour se transformer. Angoisses financières.",,
maison,8,sagittaire,"Perte de la foi et de la confiance en l'autre, sentiment d'avoir été écrasé, de ne pas avoir eu de place. Peur de se mettre en avant, sentiment d'illégitimité. Difficulté à ressentir joie et abondance. L'argent permet de de s'élever socialement.",,
maison,8,capricorne,"Sentiment de solitude dans l'enfance, d'avoir été délaissé, trahi, abandonné. Protection, carapace, par peur de l'intimité et de la vulnérabilité. Sentiment enterrés sous une couche de froideur.
Budget tenu avec rigueur.",,
maison,8,verseau,"Environnement dans l'enfance enfermant, bridant, sentiment de ne pas pouvoir exprimer son individualité. Peur d'être à nouveau enfermé dans une relation, peur de l'engagement. Adaptabilité vis-à-vis de l'argent.",,
maison,8,poissons,"Vécu dans l'enfance sans imagination ou spiritualité, mais dure, froide, matérielle, sans émotion. Peur de perdre le contrôle et de lâcher prise. Difficulté de créer une connexion dans ses relations.
Vie matérielle et financière assez incertaine.",,
maison,9,bélier,"Voyages décidés impulsivement, mais esprit de conquête, d'aventure, de découverte. Volonté d'élargir son horizon et relever des défis. Domination dans la façon de penser, agressivité dans la manière de donner des conseils.",,
maison,9,taureau,"Le goût pour l'aventure n'est pas très prononcé, tendance sédentaire. Attitude terre à terre qui ne permet pas forcément d'avoir l'esprit philosophique, mais sens du devoir et du patriotisme, amour de la terre.",,
maison,9,gémeaux,"Curiosité et envie de s'ouvrir au monde. Implication dans les organisations comme les écoles, les centres de formation, les universités. On apprend beaucoup des voyages, on aime se fondre dans les différentes cultures.",,
maison,9,cancer,"Peur d'élargir son horizon, peu d'attrait pour les voyages qui sortent de sa zone de confort. Les questions autour de la famille, des racines, des origines sociales intéressent au niveau intellectuel. Construction du foyer loin du lieu de naissance.",,
maison,9,lion,"Egocentrisme, volonté de se mettre en avant et d'accroître son pouvoir et développer sa réputation. L'art, les voyages, le besoin de se cultiver enrichissent la vie et donnent du sens à l'existence.
La création donne une grande satisfaction.",,
maison,9,vierge,"Esprit un peu étroit, conservatisme, sens pratique ne donnant pas une pensée philosophique très élevée. La satisfaction spirituelle et intellectuelle bute contre trop de réalisme et de sens critique. Peu de voyages.",,
maison,9,balance,"La spiritualité est un peu intellectualisée dans ce signe d'air, mais la curiosité est forte. Les questionnements philosophiques tournent autour des relations aux autres. Les voyages permettent les rencontres.",,
maison,9,scorpion,"Soif de découvertes et de nouvelles aventures, n'hésite pas à tout plaquer pour partir et affronter de nouvelles choses. La recherche spirituelle et philosophique est décuplée, versant dans l'occulte. Marginalisation sociale.",,
maison,9,sagittaire,"Position naturelle de la maison 9. Fort besoin d'expansion. Goût des voyages, des études, intérêt pour la politique et les cultures étrangères, besoin de s'élever socialement et de réussir, d'être reconnu.",,
maison,9,capricorne,"La philosophie de vie repose sur le travail et la constance.
Tendance à la sédentarité et le dépouillement, ce qui n'amène pas à faire de grands voyages. Le système social peut être rejeté ou au contraire utilisé pour servir ses ambitions.",,
maison,9,verseau,"Attirance forte pour tout ce qui est nouveau et original.
Intellectualisation des principes philosophiques. Intérêt pour la religion et les mouvements mystiques. Préoccupation pour la société et les enjeux sociaux.",,
maison,9,poissons,"S'intéresse à tout, notamment aux croyances religieuses et spirituelles, ce qui peut donner un peu de confusion. Les croyances peuvent devenir délirantes. Aimera les voyages sans forcément d'organisation, en spontané.",,
maison,10,bélier,"Il y a le besoin de s'affirmer vis-à-vis d'un foyer qui lissait la personnalité au nom de l'harmonie. La compétition, le sport, être chef d'entreprise, soldat, peuvent attirer. La problématique sera le rapport à l'autorité. On a besoin d'entreprendre, d'agir, de créer des choses.",,
maison,10,taureau,"On a besoin de se sécuriser dans sa profession, de gagner de l'argent, puisqu'on a grandi dans un milieu angoissant. Le rapport au toucher peut attirer (massages), l'art plastique, la sculpture, ou la restauration, le domaine financier... Les capacités gestionnaire permettront d'aider dans la carrière.",,
maison,10,gémeaux,"Un métier autour de la communication ou de l'écriture (journaliste par exemple) permettront à l'individu de s'exprimer et de s'intéresser à de nombreux domaines, le reconnectant à une créativité perdue dans l'enfance. Différents métiers pourront être occupés dans la vie.",,
maison,10,cancer,"Le rapport à la famille est important, du fait d'un foyer froid.
Travail avec les enfants, les familles, ou tout ce qui concerne la maison: agent immobilier, par exemple. Les métiers autour de l'eau, de l'histoire, ce qui touche à l'émotivité vont attirer.",,
maison,10,lion,"L'ambition de réussir permettra de contraster avec un sentiment de différence dans le foyer. On aura besoin d'être reconnu individuellement, de briller: carrière créative, chef, dirigeant, luxe, acteur...",,
maison,10,vierge,"Le soin à l'autre, les carrières médicales, (infirmier.ère, médecin, aide soignant.e) dans l'administratif, tout ce qui demande rigueur et méthode permettront de rompre avec le flou vécu dans l'enfance. La santé, le travail avec les plantes, la biologie, la naturopathie, la nature vont attirer.",,
maison,10,balance,"Importance de la relation aux autres dans sa vocation, dans sa vie. Recherche de se lier aux autres. Ambitions artistiques, esthétiques, métier dans la justice, dans le bien être ou le lien à l'autre. Associations et partenariats. Il y aura besoin de trouver de la douceur dans sa vie, vis-à-vis de son enfance difficile.",,
maison,10,scorpion,"Attrait pour le mystère, la mort, mais aussi la recherche intellectuelle, le fait de creuser, approfondir les choses dans sa vie. Les sciences parallèles vont attirer, l'ésotérisme et tout ce qui concerne les secrets, l'investigation. Il y aura besoin de rompre avec une famille trop possessive. ",,
maison,10,sagittaire,"Recherche de compréhension, de quête dans sa vie à travers l'enseignement, la philosophie, la religion, la justice, les voyages.
Les aspirations socioprofessionnelles sont élevées.
Il y a un idéal de vie pour les autres, pour sa société. Le besoin de guider, de transmettre, d'impacter positivement la vie des autres. Il y a le besoin de devenir adulte, grandir, par rapport à un sentiment d'immaturité familiale. ",,
maison,10,capricorne,"Les ambitions sont fortes. Il y a le besoin de diriger, d'être un leader dans son travail. Le temps amènera la réussite, il faudra des efforts et du travail. Le besoin est de devenir un adulte mature et autonome, de se prouver ses capacités, en amenant de la rigueur et en réalisant ses ambitions.",,
maison,10,verseau,"Le besoin est de se relier au monde, de penser collectif et d'oeuvrer pour des combats humanitaires. Le besoin d'innover, d'être avant-gardiste, d'être différent et original, de se démarquer vont guider dans la profession, qui pourra être associative ou au contraire indépendance. Les nouvelles technologies pourront attirer.",,
maison,10,poissons,"La confusion dans les objectifs professionnels peut démotiver, le métier est souvent idéalisé et ne correspond pas à la réalité. Le foyer a été tellement rigide et jugeants qu'il est finalement difficile de penser par soi-même. Le projet est de se relier à l'amour universel, à travers le soin, la psychologie, la spiritualité, la musique, l'art..",,
maison,11,bélier,"On est impulsivement attiré par les autres, on se fait amis et ennemis très vite. Tendance dominatrice dans les groupes.
Changements soudains au niveau amical. La vie extérieure est importante. Attirance pour les marginaux et militants.",,
maison,11,taureau,"Fidélité en amitié, auprès de ses groupes d'amis. On est le pilier, la fondation stable qui rassure et consolide le groupe. Lorsqu'on s'engage dans un projet, on ne revient jamais en arrière. Peu d'ouverture à la société, vie plus en retrait.",,
maison,11,gémeaux,"Les relations amicales passent par les relations intellectuelles, et sont nombreuses. Différents groupes amicaux. Attirance pour des secteurs sociaux qui favorisent cette stimulation mentale.
Mille projets en même temps, besoin d'évoluer sans cesse.",,
maison,11,cancer,"Amis considérés comme des membres de la famille. Le foyer devient un lieu de rencontres amicales et d'activités sociales, y compris avec ses enfants. On suit les autres plutôt que d'imposer ses idées. On chercher à être entouré dans ses projets.",,
maison,11,lion,"Besoin d'être le centre d'intérêt dans la sphère sociale, on fréquente des milieux sociaux favorisés. On aime être le leader.
Les projets doivent être de grande envergure avec un entourage qui a les mêmes idées. Énergie qui dynamise le groupe.",,
maison,11,vierge,Les relations amicales sont souvent calculées plus que spontanées. Inspecteur des travaux finis pour améliorer les détails autour d'un projet. On est connu pour rendre service à ses amis. Les amitiés tournent autour de la vie professionnelle.,,
maison,11,balance,"On s'entoure d'artistes, on aime fréquenter certains milieux originaux, qui partagent l'amour de l'esthétique. Les relations amicales sont riches et denses, on aime la collaboration dans les projets et on déteste la solitude. Médiateur dans le groupe.",,
maison,11,scorpion,"Attrait pour les groupes qui partagent un attrait pour le mystique, mais on se fait aussi beaucoup d'ennemis. On peut avoir tendance à se méfier des groupes, à éviter de montrer ses points faibles. On est passionné dans les projets.",,
maison,11,sagittaire,"Goût pour les milieux sociaux aisés, en accord avec ses principes spirituels, avec un haut niveau d'étude ou multi-culturels.
Enthousiasme et engouement pour les projets, optimisme qui guide. Transmission de ses connaissances aux autres.",,
maison,11,capricorne,"Attirance pour les groupes d'amis plus âgés et matures, stabilité et fidélité dans ses amitiés. Besoin de relations profondes et pas superficielles. Pilier dans le groupe. Projets menés avec sérieux et rigueur, sens des responsabilités plus en solitaire.",,
maison,11,verseau,"Position naturelle de la 11. Amitié et vie sociale essentielles, relations originales et excentriques, voire marginales. Amitiés multiples. Amitiés encore plus importantes que les relations amoureuses. Aime se démarquer au sein du groupe.",,
maison,11,poissons,"Amitiés étranges et troublantes, qui permettent d'évoluer sur le plan spirituel. Tendance à beaucoup fusionner avec ses amis, puis à s'éloigner, engagement fluctuant. Investissement affectif dans des projets d'aide aux autres.",,
maison,12,bélier,"Les difficultés peuvent à la fois décourager ou motiver, comme un défi à relever. Les crises peuvent être soudaines mais ne durent pas, déterminisme pour les relever. La quête du Moi est difficile, l'affirmation de soi fluctuante.",,
maison,12,taureau,"Les buts matériels sont parfois délaissés. Les valeurs et l'argent entrent en conflit. Les obstacles sont franchis de manière persévérante, patiente, mais l'adaptation aux changements est difficile, on accepte mal que les choses soient éphémères.",,
maison,12,gémeaux,"On a du mal à communiquer réellement, à dire ce que l'on pense. On parle parfois dans le vide. L'enfance a pu être difficile. On reste superficiel dans son approche de la spiritualité, on essaie d'intellectualiser.",,
maison,12,cancer,"Difficultés dans la famille, relations complexes qui créent une forte sensibilité. On ressent le poids d'une hérédité, de douleurs transgénérationnelles. On est nostalgique, on se tourne vers le passé. On est passif face aux problème, ou on les fuit.",,
maison,12,lion,"L'égo est mis à mal, on se trouve peu de valeur. La susceptibilité est forte, due à un manque de confiance en soi. On peut faire preuve d'esprit combatif face aux épreuves. Motivations liées à des conflits de classe, on se contente peu de ce qu'on a.",,
maison,12,vierge,"Le sens du devoir et le travail sont difficiles. On a du mal à se donner les moyens de réussir, on aimerait garder la maîtrise mais on sent des troubles intérieurs qui perturbent. On a peur de son propre flou interne.",,
maison,12,balance,"On a tendance à devenir le spectateur de sa vie, et à jouer un rôle devant les autres. On a du mal à se trouver dans ses relations et en même temps on a en a besoin pour traverser les défis de l'existence.",,
maison,12,scorpion,"Faculté à recommencer à zéro, mais la vie intérieure est faite d'angoisses, de brouillard. On pense souvent à la mort, on a pu y être confronté jeune. Tendance à vivre des crises existentielles profondes mais transformatrices.",,
maison,12,sagittaire,"On a du mal à trouver sa place dans sa vie et dans son monde.
On ne se légitime pas à suivre ses aspirations et à réussir pleinement. On a honte de soi-même. Les idéaux sont forts et fantasmés, parfois irréalistes. On a du mal à être optimiste.",,
maison,12,capricorne,"Rébellion envers l'éducation ou l'autorité, rejet des traditions, style de vie à part. Difficultés avec le modèle transmis par sa famille. On a du mal à suivre ses ambitions. On peut s'enfermer dans beaucoup de solitude pour faire face.",,
maison,12,verseau,"Nervosité importante, manque de confiance en soi, ses projets et sur les liens que l'on noue avec les autres. L'intellect est flou, flottant, les idées irréalistes. Tendance à rêver de faire autre chose.",,
maison,12,poissons,"Position naturelle de la 12. On peut être très flottant, imaginatif, passer du temps à rêver les choses que l'on veut vraiment. On peut avoir du mal à lâcher prise, on est impressionnable. Attrait puissant pour la spiritualité, don de soi total.",,
maitre_maison,1,bélier,"Quand le maître d’Ascendant est en Bélier, l’identité se construit dans l’action, l’affirmation et le mouvement. La personne agit souvent à l’instinct, supporte mal la passivité ou la domination extérieure et ressent un fort besoin d’indépendance. Le rapport à soi passe par le défi, la confrontation, le courage et le besoin de sentir qu’elle existe pleinement. L’impulsivité, la colère ou l’impatience peuvent parfois devenir difficiles à canaliser.",,
maitre_maison,1,taureau,"Quand le maître d’Ascendant est en Taureau, l’identité se construit à travers la stabilité, les repères, le confort et le besoin de sécurité. La personne a besoin de temps pour intégrer les changements et peut avoir du mal à sortir de sa zone de confort. Le rapport à soi passe beaucoup par le corps, les sensations, la sensualité et les plaisirs simples. Le besoin de fiabilité et de stabilité intérieure est fort.",,
maitre_maison,1,gémeaux,"Quand le maître d’Ascendant est en Gémeaux, l’identité se construit à travers le mental, la communication et le besoin de mouvement intellectuel. La personne a besoin d’apprendre, d’échanger, de comprendre et de rester stimulée mentalement. La curiosité est forte mais peut rendre dispersée ou instable. Le rapport à soi passe par les idées, les échanges et la sensation de liberté mentale. La peur de l’ennui ou de l’enfermement peut devenir importante.",,
maitre_maison,1,cancer,"Quand le maître d’Ascendant est en Cancer, l’identité se construit à travers les émotions, l’attachement et le besoin de sécurité affective. La personne est très sensible à son environnement émotionnel et peut avoir besoin d’être rassurée, entourée ou protégée. Le rapport à soi dépend beaucoup du climat affectif et familial. Les émotions prennent beaucoup de place et peuvent parfois devenir envahissantes.",,
maitre_maison,1,lion,"Quand le maître d’Ascendant est en Lion, l’identité se construit autour du besoin de rayonner, d’être reconnue et d’exister pleinement. La personne peut avoir besoin d’attention, de valorisation ou de créativité pour se sentir vivante. Le rapport à soi passe par l’expression personnelle, la fierté et le besoin d’être vue. La susceptibilité face à la critique peut être forte.",,
maitre_maison,1,vierge,"Quand le maître d’Ascendant est en Vierge, l’identité passe par le besoin d’être utile, compétente, fiable et maîtrisée. La personne peut beaucoup se juger, chercher à bien faire, contrôler son image ou avoir peur d’être imparfaite. Le rapport à soi devient exigeant, parfois critique, avec une tendance à se construire à travers le service, le devoir ou le sentiment d’être nécessaire aux autres. Le besoin d’ordre, de cohérence et de maîtrise peut devenir très important.",,
maitre_maison,1,balance,"Quand le maître d’Ascendant est en Balance, l’identité se construit à travers les relations, l’image sociale et le besoin d’harmonie. La personne peut avoir besoin de plaire, d’être appréciée ou validée par les autres pour se sentir en équilibre. Le rapport à soi passe beaucoup par le regard extérieur et la qualité des relations. Le conflit est souvent difficile à vivre. Le besoin d’esthétique, de douceur et d’équilibre est important.",,
maitre_maison,1,scorpion,"Quand le maître d’Ascendant est en Scorpion, l’identité se construit dans l’intensité émotionnelle, le besoin de profondeur et le contrôle. La personne ressent fortement les rapports de pouvoir, les non-dits et les tensions psychologiques. Le rapport à soi peut être traversé par des remises en question constantes, une forte anxiété intérieure ou une peur de la vulnérabilité. La superficialité est difficile à supporter.",,
maitre_maison,1,sagittaire,"Quand le maître d’Ascendant est en Sagittaire, l’identité se construit à travers la quête de sens, la liberté et l’expansion. La personne a besoin d’explorer, d’apprendre, de comprendre le monde et de transmettre. L’enthousiasme et l’optimisme peuvent être importants, mais aussi une difficulté à accepter les limites ou les frustrations. Le rapport à soi passe par le mouvement, l’évolution et le besoin de grandir intérieurement.",,
maitre_maison,1,capricorne,"Quand le maître d’Ascendant est en Capricorne, l’identité se construit à travers le contrôle, la discipline et la stabilité. La personne peut ressentir très tôt le poids des responsabilités et développer une forte exigence envers elle-même. Le rapport à soi passe par la maîtrise, le travail et la construction à long terme. Les émotions sont souvent contrôlées ou contenues. Il peut exister une peur de l’échec, du ridicule ou de la dépendance.",,
maitre_maison,1,verseau,"Quand le maître d’Ascendant est en Verseau, l’identité se construit autour du besoin de liberté, d’indépendance et d’originalité. La personne supporte mal les cadres rigides ou les relations étouffantes. Elle peut se sentir différente, marginale ou incomprise. Le rapport à soi passe par les idées, les convictions et le besoin d’affirmer sa singularité. Il existe souvent un tiraillement entre le besoin d’appartenir à un groupe et celui de rester totalement libre.",,
maitre_maison,1,poissons,"Quand le maître d’Ascendant est en Poissons, l’identité se construit à travers la sensibilité, l’intuition et l’imaginaire. La personne absorbe facilement les émotions et les ambiances autour d’elle. Le rapport à soi peut manquer de contours clairs, avec une difficulté à savoir exactement qui elle est ou ce qu’elle veut. Le besoin de spiritualité, de rêve ou d’évasion peut devenir important. Il existe parfois une tendance à fuir la réalité, à idéaliser ou à se perdre émotionnellement.",,
maitre_maison,2,bélier,"On gagne et dépense son argent de façon impulsive, esprit parfois agressif pour défendre ses intérêts financiers. On travaille avec ardeur pour gagner sa vie. Les habitudes alimentaires peuvent être source de troubles digestifs.",,
maitre_maison,2,taureau,"Position naturelle de la maison 2, on peut être très conservateur concernant ses acquis, mais aussi vouloir partager avec ses proches le fruit de son travail. Persévérance dans le travail, sens des affaires. Attachement presque sensuel aux biens matériels.",,
maitre_maison,2,gémeaux,"Donne de la mobilité intellectuelle pour gérer les finances au quotidien, mais difficile de faire des économies, tendance à dépenser. Adaptabilité pour se sortir de périodes difficiles et trouver des solutions.",,
maitre_maison,2,cancer,"On utilise son argent pour sa famille, pour sa maison. On peut hériter de l'argent de sa famille pour pouvoir vivre confortablement. Avec cette position on peut être amené à gagner sa vie en restant à la maison.",,
maitre_maison,2,lion,"Amour de l'argent, du faste, du clinquant, recherche d'une abondance financière et réussite matérielle. On aime pas particulièrement le travail dur, mais on veut réussir pour briller et vivre dans un certain confort.",,
maitre_maison,2,vierge,"Sens pratique, méthode pour gérer un budget. Les dépenses sont surveillées de près. Technicité dans le travail, on doit gagner sa vie en se rendant utile. Un secteur de dépense plus important concernant la santé, étroitement surveillée !",,
maitre_maison,2,balance,"L'argent ne doit pas constituer une source de disharmonie, donc on l'utilise pour rendre le foyer accueillant, beau, agréable.
Générosité avec les proches. Le besoin de s'associer dans son travail est important, de travailler avec les autres.",,
maitre_maison,2,scorpion,"L'argent n'est pas utilisé pour vivre mais pour augmenter en pouvoir. Problèmes financiers possibles au sujet d'héritages ou de placements, mais le scorpion sait se transformer pour régler la situation.",,
maitre_maison,2,sagittaire,"L'argent permet surtout l'acquisition d'une certaine place et reconnaissance dans la société. On aime le luxe, les belles choses, mais on saura aussi être généreux. L'argent peut venir de l'étranger.",,
maitre_maison,2,capricorne,"Sens de l'économie, qui est gagné par le biais d'un travail rigoureux. L'ambition n'est pas d'accumuler des biens matériels, mais de gagner lentement mais sûrement son argent pour de vraies raisons. Acheter un bien immobilier, par exemple.",,
maitre_maison,2,verseau,"L'argent devrait toujours être redonné pour des causes sociales, ou pour aider ses amis. Peu d'attache aux biens matériels, jugés superficiels. Argent gagné dans un travail indépendant ou en association, d'une manière novatrice.",,
maitre_maison,2,poissons,"Manque de sens pratique dans le sens matériel. Manque d'objectivité dans les finances, fortement influençable sur les placements à faire. Difficulté à faire face aux problématiques matérielles, va utiliser son intuition pour se sortir des situations.",,
maitre_maison,3,bélier,"Les disputes ont pu être nombreuses dans la fratrie et avec l'entourage. La mémoire est courte, et on organise les voyages à la hâte sans s'organiser. Le raisonnement et la réflexion sont impulsifs, manquant d'anticipation.",,
maitre_maison,3,taureau,"L'esprit manque de légèreté et de curiosité, il est centré sur des préoccupations concrètes et on manque d'ouverture intellectuelle. L'esprit est plus lent, et a besoin de temps pour se formaliser. Charme dans sa manière de s'exprimer.",,
maitre_maison,3,gémeaux,"Position naturelle de la maison 3. Esprit rapide, adaptable, parfois trop superficiel et dispersé, on passe d'une idée à l'autre.
Présence de frères et soeurs et lien fort, gémellité. Aisance dans la communication, selon l'état de Mercure.",,
maitre_maison,3,cancer,"Fratrie très ""famille"", proximité. Esprit tourné vers des préoccupations familiales, liées au foyer, goût pour la généalogie. Pour réfléchir on se fie à son intuition et à son ressenti.",,
maitre_maison,3,lion,"Ego intellectuel, on a envie de montrer sa capacité de réflexion.
On a pris une place particulière dans sa fratrie. On aime les voyages confortables. Esprit dominant, goût pour tout ce qui est beau et artistique.",,
maitre_maison,3,vierge,"Esprit critique et analytique, mais l'amour du détail perturbe le raisonnement et le discours. On sera organisé dans les voyages, les commerces. On peut devenir critique d'art ou culinaire.
Fratrie un peu distante, entourage centré sur le quotidien.",,
maitre_maison,3,balance,"Qualités artistiques, en particulier dans le théâtre, les exercices de communication et de jeu. Rejet de la solitude, mondanités, grande sociabilité. Harmonie dans les relations à l'entourage et avec les frères et soeurs.",,
maitre_maison,3,scorpion,"Intérêt intellectuel fort en particulier pour l'occulte, les mystères, la mort. On communique de manière tranchante et percutante, on réfléchit avec profondeur, on se questionne. Difficultés avec la fratrie.",,
maitre_maison,3,sagittaire,"Intérêt pour les hautes études, la philosophie, la religion. On délaisse l'intellect immédiat pour s'enthousiasmer de grandes découvertes. Les cultures étrangères et les grands voyages nourrissent.",,
maitre_maison,3,capricorne,"Excellente mémoire, endurance intellectuelle, force de travail, projets exigeants menés dans le temps malgré un certain pessimisme. Structure des idées. Froideur avec l'entourage familial et les frères et soeurs.",,
maitre_maison,3,verseau,"Esprit de synthèse plus qu'esprit analytique, pensée dogmatique tournée vers les préoccupations sociales. Grand besoin d'amitiés, grands groupes d'amis et amitiés proches, relation parfois distante avec l'entourage.",,
maitre_maison,3,poissons,"Intellect un peu noyé, dilué. Il est difficile de réfléchir concrètement, mener une idée à terme. On est perméable et influençable aux idées de l'entourage. Étude autour de la méditation, la spiritualité. Fusion avec les frères et soeurs.",,
maitre_maison,4,bélier,"Les relations familiales ont souvent été source de conflits, voire de violence (pas forcément physiques, mais morales). Les difficultés de communication n'ont pas permis de résoudre ce qui posait problème au sein du foyer et les non-dits ont crée de la colère. La compétition pouvait être rude. Le foyer pouvait être aussi dynamique, sportif, aventurier, partant souvent en expéditions.",,
maitre_maison,4,taureau,"L'argent pouvait être une question importante au sein du foyer.
La famille était assez soudée, voire très envahissante, possessive.
C'est souvent l'image du parent ""poule"", qui voulait gérer à la place de l'enfant, lui laissant peu d'autonomie. Les membres du foyers devaient rester unis, rattachés à la maison, pour éviter l'insécurité, l'anxiété étant présente dans ce modèle familial.",,
maitre_maison,4,gémeaux,"La famille prônait la valeur intellectuelle, la curiosité, l'apprentissage. Le parent pouvait être joueur, complice ou parent-copain. Il pouvait y avoir un fort duo entre le parent et l'enfant. La fratrie a pu beaucoup compter dans le foyer. Les parents pouvaient être enseignants. Beaucoup d'amis pouvaient venir au foyer, considérés comme des membres de la famille.",,
maitre_maison,4,cancer,"Position en domicile du cancer et du capricorne. La famille était essentielle au fonctionnement de l'individu. La valeur familiale, l'importance du clan, des réunions et du partage affectif, des traditions ont parfois conféré à la dépendance affective vis-à-vis des parents. Il n'a pas été facile de grandir et partir de la maison Le référentiel éducatif, les normes et valeurs familiales impactent profondément l'individu tout au long de sa vie.",,
maitre_maison,4,lion,"La fierté familiale a pu devenir une valeur, la sensation d'être une famille unique, mieux que les autres. Importance du confort, du lieu de vie qui doit être chaleureux et agréable. Foyer créatif, valorisant pour l'individu mais parfois égocentrisme familial difficile à porter, chacun voulant tirer la couverture à lui.",,
maitre_maison,4,vierge,"La santé est souvent au centre des préoccupations familiales, avec une gestion assez organisée du quotidien, des soins. Le travail a pu éloigner un parent qui était centré sur son activité professionnelle. Il y avait des règles, des principes et du jugement parental. Cette position est assez froide au niveau affectif.",,
maitre_maison,4,balance,"Les relations harmonieuses au sein de la famille ont été primordiales. Cependant, le regard des autres a pu être trop prégnant, mettant une pression sur l'individu. Le parent donnait à l'extérieur une image de lui lisse, ""de bon parent"", mais la réalité dans l'intimité a pu être tout autre. La beauté, l'esthétique, la décoration du lieu ont été des valeurs importantes.",,
maitre_maison,4,scorpion,"Image d'un foyer anxiogène, parent(e) angoissé(s), anxiétés financières, peurs, stress quotidien. Il y a pu y avoir des événements, des traumatismes au cours de l'enfance. Cela peut signifier une destruction du foyer, un mal-être pendant l'enfance et avec le parent. Angoisses financières, tabous et secrets familiaux.",,
maitre_maison,4,sagittaire,"La famille peut venir de l'étranger, ou elle a pu beaucoup voyager. Ça peut être l'image d'une famille bourgeoise, vivant dans le luxe et l'apparat. Les principes religieux et moraux ont pu être transmis. Les parents pouvaient être enseignants. La question de sa place dans la famille a été importante, avec le sentiment d'en manquer, de ne pas être reconnu par les autres membres.",,
maitre_maison,4,capricorne,"Froideur familiale, discipline excessive, rapports difficiles avec le parent. La demande de la famille était la réussite professionnelle, l'attrait pour le dépassement de soi, pour la poursuite d'objectifs.
Un parent a pu beaucoup commander, condamner, manquer de tendresse pour l'individu. Il était important de réaliser des tâches à la maison, de travailler, d'être sérieux et rigoureux, laissant peu de place au rire et au plaisir.",,
maitre_maison,4,verseau,"Le FDC en verseau est particulier, il peut y avoir le sentiment de différence, d'avoir été différent dans sa famille, de ne pas avoir été admis et accepté dans sa personnalité, son originalité.
Le foyer était non conventionnel, totalement en rupture avec les autres normes familiales, avec la revendication d'être différent.
Vie hors norme, éducation politique et intellectuelle. Froideur.
Importance des amitiés, des regroupements.",,
maitre_maison,4,poissons,"Cette configuration est difficile : le fond du ciel c'est nos racines, qui ont bien du mal à s'ancrer dans le grand océan du poissons.
C'est comme un arbre qui tente de pousser dans l'eau. Base peu sécurisante, pas de règles à la maison, beaucoup de non-dits, alcoolisme d'un parent. Importance de la musique, de l'art, de la spiritualité, vie marginale, hors des règles, modèle de référence flou, peu de cadre. Généalogie floue.",,
maitre_maison,5,bélier,"L'amour est impulsif, coups de foudre, amour intense mais on s'emballe vite et on arrête vite la relation si on se lasse.
Aventures amoureuses, on aime séduire. Enfant: archétype masculin, plutôt hyperactif.",,
maitre_maison,5,taureau,"Sensualité dans les sentiments, fidélité, loyauté. Amours durables. Créativité forte. Engagement et cohérence dans les loisirs, activités qui demande du temps et de la méthode.
Enfant: archétype féminin, enfant calme et proche de son foyer.",,
maitre_maison,5,gémeaux,"Vie amoureuse légère et volage, recherche constante de son double, et de nouveautés. Amitiés amoureuses. Energie créative forte, créativité abondante mais dispersion. Enfant: archétype masculin, nerveux, jumeaux, intelligent et vif.",,
maitre_maison,5,cancer,"Recherche maternante dans les amours, volonté de construire un foyer, associe les sentiments à une création familiale. Créativité et sensibilité, besoin de s'exprimer. Enfant: archétype féminin, enfant doux, affectueux, fusion et amour fort avec l'enfant.",,
maitre_maison,5,lion,"Position naturelle de la maison 5. Amour intensément vécu, relations passionnelles, grande créativité. Recherche de paraître, de séduire. Recherche de joie, d'expression de soi, de briller.
Enfant: archétype masculin, qui aime être vu et reconnu.",,
maitre_maison,5,vierge,"Sentiments analysés, disséqués, ce qui altère la spontanéité. On recherche de la structure et des règles en amour. Besoin de se sentir utile dans son expression créative. Autocritique. Enfant :
archétype féminin, enfant sage et mature.",,
maitre_maison,5,balance,"L'amour est vu comme une nécessité, il y a le besoin de se mettre en couple, l'amour est romantique et beau. Exagération des sentiments dans la relation. Collaboration créative. Enfant :
beauté, cherche à charmer, créatif et sociable.",,
maitre_maison,5,scorpion,"La sexualité a une place privilégiée dans les rapports amoureux.
Sentiments profonds, exclusifs, jalousie excessive. Méfiance envers l'amour parfois car rend vulnérable. Désir de pouvoir.
Enfant : enfant anxieux, intelligent.",,
maitre_maison,5,sagittaire,"Protection envers ses amours. Générosité, recherche d'aventure et de passion, d'admirer les personnes que l'on aime. Attrait pour les voyages pendant les vacances, volonté d'être vu.
Enfant: explorateur, aimant apprendre, joyeux.",,
maitre_maison,5,capricorne,"On reste plutôt solitaire dans ses amours, mais quand on s'engage c'est durable. On met du temps à rencontrer la bonne personne. La créativité doit être productive et ambitieuse.
Enfant: sérieux, plus mature que son âge.",,
maitre_maison,5,verseau,"Amitiés amoureuses, distance avec les sentiments amoureux, indépendance. Besoin de partage intellectuel dans les relations.
Création partagée en groupe. Enfant: archétype masculin, indépendant, différent, intelligent, aimant découvrir des choses.",,
maitre_maison,5,poissons,"Grande sensibilité et création artistique, émotions dans sa manière de créer. Amours fusionnels, mais peut fuir devant des contraintes. Enfant: fusionnel, doux, sensible, rêveur, plein d'imagination.",,
maitre_maison,6,bélier,"
Tensions dans l'environnement professionnel, vécu difficile des contraintes. Métier actif, dynamique, sportif, carrière militaire, entreprenariat si Mars bien positionné. Santé: maux de tête, éruptions et inflammations.",,
maitre_maison,6,taureau,"


Métier mené avec rigueur et sérieux, engagement et gestion dans la profession. Restauration, nourriture, agriculture, massages, voie artistique et plastique, sculpture ou domaine financier. Santé: gorge fragile.",,
maitre_maison,6,gémeaux,"Changements de métiers au cours de la vie, intérêt pour de multiples domaines, instabilité professionnelle. Écriture, journalisme, métiers de communication, commerçant, voleur, coursier. Santé: poumons et système nerveux fragiles.",,
maitre_maison,6,cancer,"Travail en relation avec sa famille, ou avec des familles, des enfants. Besoin de travailler en fonction de sa sensibilité. Agent immobilier, décorateur d'intérieur, métiers liés à l'eau, pâtisserie, travail au foyer. Santé: digestion et estomac fragiles.",,
maitre_maison,6,lion,"Volonté de diriger, d'être mis en avant, amour pour son travail, forte volonté et créativité dans son métier. Chef, costumier, métiers du show business, couturier, caridiologue, bijoutier.
Santé: colonne vertébrale et coeur à surveiller.",,
maitre_maison,6,vierge,"Position naturelle de la 5. Volonté de servir et d'être utile, sens du devoir. Métiers du soin et de santé: pharmacie, diététique, infirmier.e, aide sangnant.e, kiné, domestique, comptable, administratif. Santé : système digestif (intestins).",,
maitre_maison,6,balance,"Partenariats, associations, besoin d'une atmosphère harmonieuse. Juge, notaire, diplomate, législateur, danseur, artiste, collectionneur d'art, modiste, esthéticienne, carrière artistique. Santé: articulation, vessie et reins à surveiller.",,
maitre_maison,6,scorpion,"Vie professionnelle mal vécue. Métiers autour de l'occulte, de la recherche sur l'humain (philo, psy, enquêteur...), gynécologue, astrologue, médium, voyant, antiquaire, éboueur, pompes funèbres. Santé: organes sexuels et anus à surveiller.",,
maitre_maison,6,sagittaire,"Besoin de réussir dans son travail, volonté d'élévation sociale.
Explorateur, équitation, tourisme, enseignement, chercheur, député, juge, ambassadeur, notable, ministre, chef, député.
Santé: hanches, cuisses, circulation sanguine et foie à surveiller.",,
maitre_maison,6,capricorne,"Ambition, sérieux et endurance dans son métier. Système hiérarchique respecté, mais aussi besoin de diriger. Spéléologue, guide montagne, archiviste, historien, archéologue, président, ostéopathe, directeur. Santé: os, dents et genoux fragiles.",,
maitre_maison,6,verseau,"Parcours atypique, besoin d'être novateur dans son métier.
Ingénieur, inventeur, astronaute, aviateur, électricien, technologie et réseaux sociaux, anarchiste, leader de parti, informatique. Santé: système nerveux et veineux à surveiller.",,
maitre_maison,6,poissons,"Incertitudes professionnelles, dimension d'amour dans son métier. Guérisseur, médium, prêtre, voyant, barman, trafiquant de drogues, Marine, professions hospitalières et religieuses, musicien, artiste. Santé : circulation et santé mentale.",,
maitre_maison,7,bélier,"Recherche d'un partenaire dynamique, entreprenant, actif, qui ne se laisser pas faire et qui s'affirme. Recherche d'une personnalité qui cherche à gagner, à agir, qui va faire des choses, qui sera dans de l'impulsivité.
La question de la domination dans le couple risque d'être au centre des problèmes rencontrés.",,
maitre_maison,7,taureau,"Recherche d'un partenaire qui saura sécuriser l'ascendant scorpion, qui lui permettra de sentir entouré. L'ascendant scorpion anxieux se sentira rassuré avec le taureau. Le partenaire sera loyal, fidèle, on pourra compter sur lui, il aura beaucoup de certitudes.
Le couple cherchera à construire ensemble au niveau matériel.
C'est l'image du couple possessif.",,
maitre_maison,7,gémeaux,"Recherche d'un partenaire avec qui on pourra lier une complicité, une amitié, avec qui on pourra être complice.
La communication sera essentielle dans le fonctionnement du couple, le partenaire sera bavard, parfois un peu immature et léger. Le partage intellectuel sera de mise avec un conjoint curieux d'apprentissage.
La qualité intellectuelle sera moteur dans la bonne entente et le désir du couple.",,
maitre_maison,7,cancer,"Recherche d'un partenaire sensible, doux, émotif, avec qui construire une famille et qui sera tendre et attentionné, tourné vers sa famille et vers son foyer. L'ascendant capricorne en aura besoin pour atténuer sa froideur, pour ouvrir son coeur.
Le projet avec ce descendant est de construire un foyer stable, pour retravailler sur son passé et sa propre histoire.",,
maitre_maison,7,lion,"Recherche d'un partenaire brillant, que l'on pourra admirer et complimenter, un brin orgueilleux, mais lumineux, généreux, créatif. Il sera susceptible, et aura besoin d'être reconnu pour que le couple fonctionne.
La problématique sera de réussir à gérer l'égo de chacun dans le couple, pour qu'aucun des deux ne prenne toute la place.",,
maitre_maison,7,vierge,"Recherche d'un partenaire qui donnera du cadre à l'ascendant poissons un peu flou et perdu. Elle lui permettra de trouver un cadre sécurisant et de concrétiser des choses. Le partenaire sera un peu rigide, à cheval sur des principes, perfectionniste et travailleur.
Le couple aura tendance à être un sujet d'analyse, rationnalisant la relation plutôt que de se laisser aller aux sentiments.",,
maitre_maison,7,balance,"Recherche d'un partenaire qui apaisera la personnalité fougueuse de l'ascendant bélier. Le partenaire sera doux, très beau ou belle, charmant, et mettra de l'harmonie dans le foyer. Il y a besoin de cette notion d'esthétique !
Le besoin d'amour est fort, le besoin de construire une relation est important dans la vie. Le couple devra renvoyer une bonne image auprès des autres.",,
maitre_maison,7,scorpion,"Recherche d'un partenaire qui sera profond, et permettra à l'ascendant taureau de sortir de ses certitudes pour affronter une autre palette émotionnelle, apprendre l'introspection et les questionnements.
La vision de l'amour sera profonde, mais tourmentée. Il y a un rapport de pouvoir dans le couple qui peut perturber la relation, une recherche de partenaire anxieux. La sexualité est essentielle.",,
maitre_maison,7,sagittaire,"La question du mariage sera importante, même si la liberté prime dans ce placement. Recherche d'un partenaire qui prend de la place, qui a confiance en lui, qui prend les devants.
Il y a le besoin d'admirer son partenaire, de l'idéaliser. Le partenaire devra avoir une réussite financière et/ou socio-professionnelle, un savoir faire et une maîtrise dans son domaine.
L'amour sera vu comme passionné, fait d'aventure.",,
maitre_maison,7,capricorne,"Recherche d'un partenaire qui sécurisera et prendra la vie de la maison en main, qui dirigera et gérera les choses, ce qui est sécurisant pour l'ascendant cancer. Le partenaire devra être mature, intelligent, parfois plus âgé.
La construction du couple peut être plus tardive, avec des périodes de célibat.",,
maitre_maison,7,verseau,"Recherche d'un partenaire qui sera intelligent, intellectuel, qui sera différent des autres. La supériorité intellectuelle sera essentielle pour les sentiments, pour que l'ascendant lion se sente unique à ses côtés.
Le problème sera l'indépendance, à la fois recherchée et redoutée pour l'ascendant lion. Les partenaires seront souvent libres, pas toujours prêts à s'engager. Le couple devra être un terrain d'apprentissage, pour accepter la liberté de chacun.",,
maitre_maison,7,poissons,"Recherche d'un partenaire qui sera dans le lâcher prise afin d'aider l'ascendant vierge à se sentir plus sereine et détendue, à prendre du recul sur les détails. Les partenaires seront parfois fuyants, peu engagés
L'amour est fantasmé. Il y a un besoin de fusion dans la relation, de vibrer. Et en même temps, la notion de relation est floue, les rôles et places de chacun ne sont pas faciles à définir.",,
maitre_maison,8,bélier,"Vécu d'une certaine répression dans l'enfance, difficulté pour s'exprimer et s'affirmer, colère problématique: on a peur de sa colère ou on fuit celle des autres. Peur des conflits, de ses désirs et pulsions. Empressements financiers.",,
maitre_maison,8,taureau,"Dans l'enfance, instabilité, crises relationnelles, empêchement de la joie de vivre. Peur d'exprimer son affection, de vivre sa sexualité, crainte de la trahison. Importance de l'acquisition de biens terrestres et de la transmission.",,
maitre_maison,8,gémeaux,"Difficulté pour s'exprimer, interdit de la parole, empêchement de la curiosité, de la découverte, environnement d'enfance non stimulant intellectuellement. Peur de s'ouvrir au monde. La question de la mort et de ses mystères hante l'intellect.",,
maitre_maison,8,cancer,"Le lien à la famille ne s'est pas fait: décès d'un proche, manque d'un point d'ancrage, empêchement d'exprimer ses émotions.
Créer sa propre famille peut faire peur, sa sensibilité fait peur.
L'argent est dépensé pour se créer un cocon rassurant.",,
maitre_maison,8,lion,"Remise en question de l'égo, dû à une structure familiale répressive, qui n'a pas permis d'avoir confiance en soi, qui a empêché l'expression, règles trop strictes. Peur de devenir égocentrique. Responsabilités assumées sur le plan matériel.",,
maitre_maison,8,vierge,"Famille qui a pu beaucoup critiquer, engendrant un manque de confiance en son intelligence. Le rapport au corps et à la santé pouvait poser problème dans la famille. Peur de la maladie, peur de ne pas être capable. Inquiétudes sur le plan financier.",,
maitre_maison,8,balance,"Importance des conflits dans l'enfance, mésententes et manque d'harmonie, image dissonante entre le vécu familial et l'image renvoyée aux autres. Solitude dans l'enfance. Peur de la méchanceté. Finances déséquilibrées.",,
maitre_maison,8,scorpion,"Position naturelle de la maison 8. Vécu de nombreuses situations douloureuses, traumatismes, engendrant de la négativité et la peur que ses blessures refassent surface. Profonde capacité pour se transformer. Angoisses financières.",,
maitre_maison,8,sagittaire,"Perte de la foi et de la confiance en l'autre, sentiment d'avoir été écrasé, de ne pas avoir eu de place. Peur de se mettre en avant, sentiment d'illégitimité. Difficulté à ressentir joie et abondance. L'argent permet de de s'élever socialement.",,
maitre_maison,8,capricorne,"Sentiment de solitude dans l'enfance, d'avoir été délaissé, trahi, abandonné. Protection, carapace, par peur de l'intimité et de la vulnérabilité. Sentiment enterrés sous une couche de froideur.
Budget tenu avec rigueur.",,
maitre_maison,8,verseau,"Environnement dans l'enfance enfermant, bridant, sentiment de ne pas pouvoir exprimer son individualité. Peur d'être à nouveau enfermé dans une relation, peur de l'engagement. Adaptabilité vis-à-vis de l'argent.",,
maitre_maison,8,poissons,"Vécu dans l'enfance sans imagination ou spiritualité, mais dure, froide, matérielle, sans émotion. Peur de perdre le contrôle et de lâcher prise. Difficulté de créer une connexion dans ses relations.
Vie matérielle et financière assez incertaine.",,
maitre_maison,9,bélier,"Voyages décidés impulsivement, mais esprit de conquête, d'aventure, de découverte. Volonté d'élargir son horizon et relever des défis. Domination dans la façon de penser, agressivité dans la manière de donner des conseils.",,
maitre_maison,9,taureau,"Le goût pour l'aventure n'est pas très prononcé, tendance sédentaire. Attitude terre à terre qui ne permet pas forcément d'avoir l'esprit philosophique, mais sens du devoir et du patriotisme, amour de la terre.",,
maitre_maison,9,gémeaux,"Curiosité et envie de s'ouvrir au monde. Implication dans les organisations comme les écoles, les centres de formation, les universités. On apprend beaucoup des voyages, on aime se fondre dans les différentes cultures.",,
maitre_maison,9,cancer,"Peur d'élargir son horizon, peu d'attrait pour les voyages qui sortent de sa zone de confort. Les questions autour de la famille, des racines, des origines sociales intéressent au niveau intellectuel. Construction du foyer loin du lieu de naissance.",,
maitre_maison,9,lion,"Egocentrisme, volonté de se mettre en avant et d'accroître son pouvoir et développer sa réputation. L'art, les voyages, le besoin de se cultiver enrichissent la vie et donnent du sens à l'existence.
La création donne une grande satisfaction.",,
maitre_maison,9,vierge,"Esprit un peu étroit, conservatisme, sens pratique ne donnant pas une pensée philosophique très élevée. La satisfaction spirituelle et intellectuelle bute contre trop de réalisme et de sens critique. Peu de voyages.",,
maitre_maison,9,balance,"La spiritualité est un peu intellectualisée dans ce signe d'air, mais la curiosité est forte. Les questionnements philosophiques tournent autour des relations aux autres. Les voyages permettent les rencontres.",,
maitre_maison,9,scorpion,"Soif de découvertes et de nouvelles aventures, n'hésite pas à tout plaquer pour partir et affronter de nouvelles choses. La recherche spirituelle et philosophique est décuplée, versant dans l'occulte. Marginalisation sociale.",,
maitre_maison,9,sagittaire,"Position naturelle de la maison 9. Fort besoin d'expansion. Goût des voyages, des études, intérêt pour la politique et les cultures étrangères, besoin de s'élever socialement et de réussir, d'être reconnu.",,
maitre_maison,9,capricorne,"La philosophie de vie repose sur le travail et la constance.
Tendance à la sédentarité et le dépouillement, ce qui n'amène pas à faire de grands voyages. Le système social peut être rejeté ou au contraire utilisé pour servir ses ambitions.",,
maitre_maison,9,verseau,"Attirance forte pour tout ce qui est nouveau et original.
Intellectualisation des principes philosophiques. Intérêt pour la religion et les mouvements mystiques. Préoccupation pour la société et les enjeux sociaux.",,
maitre_maison,9,poissons,"S'intéresse à tout, notamment aux croyances religieuses et spirituelles, ce qui peut donner un peu de confusion. Les croyances peuvent devenir délirantes. Aimera les voyages sans forcément d'organisation, en spontané.",,
maitre_maison,10,bélier,"Il y a le besoin de s'affirmer vis-à-vis d'un foyer qui lissait la personnalité au nom de l'harmonie. La compétition, le sport, être chef d'entreprise, soldat, peuvent attirer. La problématique sera le rapport à l'autorité. On a besoin d'entreprendre, d'agir, de créer des choses.",,
maitre_maison,10,taureau,"On a besoin de se sécuriser dans sa profession, de gagner de l'argent, puisqu'on a grandi dans un milieu angoissant. Le rapport au toucher peut attirer (massages), l'art plastique, la sculpture, ou la restauration, le domaine financier... Les capacités gestionnaire permettront d'aider dans la carrière.",,
maitre_maison,10,gémeaux,"Un métier autour de la communication ou de l'écriture (journaliste par exemple) permettront à l'individu de s'exprimer et de s'intéresser à de nombreux domaines, le reconnectant à une créativité perdue dans l'enfance. Différents métiers pourront être occupés dans la vie.",,
maitre_maison,10,cancer,"Le rapport à la famille est important, du fait d'un foyer froid.
Travail avec les enfants, les familles, ou tout ce qui concerne la maison: agent immobilier, par exemple. Les métiers autour de l'eau, de l'histoire, ce qui touche à l'émotivité vont attirer.",,
maitre_maison,10,lion,"L'ambition de réussir permettra de contraster avec un sentiment de différence dans le foyer. On aura besoin d'être reconnu individuellement, de briller: carrière créative, chef, dirigeant, luxe, acteur...",,
maitre_maison,10,vierge,"Le soin à l'autre, les carrières médicales, (infirmier.ère, médecin, aide soignant.e) dans l'administratif, tout ce qui demande rigueur et méthode permettront de rompre avec le flou vécu dans l'enfance. La santé, le travail avec les plantes, la biologie, la naturopathie, la nature vont attirer.",,
maitre_maison,10,balance,"Importance de la relation aux autres dans sa vocation, dans sa vie. Recherche de se lier aux autres. Ambitions artistiques, esthétiques, métier dans la justice, dans le bien être ou le lien à l'autre. Associations et partenariats. Il y aura besoin de trouver de la douceur dans sa vie, vis-à-vis de son enfance difficile.",,
maitre_maison,10,scorpion,"Attrait pour le mystère, la mort, mais aussi la recherche intellectuelle, le fait de creuser, approfondir les choses dans sa vie. Les sciences parallèles vont attirer, l'ésotérisme et tout ce qui concerne les secrets, l'investigation. Il y aura besoin de rompre avec une famille trop possessive. ",,
maitre_maison,10,sagittaire,"Recherche de compréhension, de quête dans sa vie à travers l'enseignement, la philosophie, la religion, la justice, les voyages.
Les aspirations socioprofessionnelles sont élevées.
Il y a un idéal de vie pour les autres, pour sa société. Le besoin de guider, de transmettre, d'impacter positivement la vie des autres. Il y a le besoin de devenir adulte, grandir, par rapport à un sentiment d'immaturité familiale. ",,
maitre_maison,10,capricorne,"Les ambitions sont fortes. Il y a le besoin de diriger, d'être un leader dans son travail. Le temps amènera la réussite, il faudra des efforts et du travail. Le besoin est de devenir un adulte mature et autonome, de se prouver ses capacités, en amenant de la rigueur et en réalisant ses ambitions.",,
maitre_maison,10,verseau,"Le besoin est de se relier au monde, de penser collectif et d'oeuvrer pour des combats humanitaires. Le besoin d'innover, d'être avant-gardiste, d'être différent et original, de se démarquer vont guider dans la profession, qui pourra être associative ou au contraire indépendance. Les nouvelles technologies pourront attirer.",,
maitre_maison,10,poissons,"La confusion dans les objectifs professionnels peut démotiver, le métier est souvent idéalisé et ne correspond pas à la réalité. Le foyer a été tellement rigide et jugeants qu'il est finalement difficile de penser par soi-même. Le projet est de se relier à l'amour universel, à travers le soin, la psychologie, la spiritualité, la musique, l'art..",,
maitre_maison,11,bélier,"On est impulsivement attiré par les autres, on se fait amis et ennemis très vite. Tendance dominatrice dans les groupes.
Changements soudains au niveau amical. La vie extérieure est importante. Attirance pour les marginaux et militants.",,
maitre_maison,11,taureau,"Fidélité en amitié, auprès de ses groupes d'amis. On est le pilier, la fondation stable qui rassure et consolide le groupe. Lorsqu'on s'engage dans un projet, on ne revient jamais en arrière. Peu d'ouverture à la société, vie plus en retrait.",,
maitre_maison,11,gémeaux,"Les relations amicales passent par les relations intellectuelles, et sont nombreuses. Différents groupes amicaux. Attirance pour des secteurs sociaux qui favorisent cette stimulation mentale.
Mille projets en même temps, besoin d'évoluer sans cesse.",,
maitre_maison,11,cancer,"Amis considérés comme des membres de la famille. Le foyer devient un lieu de rencontres amicales et d'activités sociales, y compris avec ses enfants. On suit les autres plutôt que d'imposer ses idées. On chercher à être entouré dans ses projets.",,
maitre_maison,11,lion,"Besoin d'être le centre d'intérêt dans la sphère sociale, on fréquente des milieux sociaux favorisés. On aime être le leader.
Les projets doivent être de grande envergure avec un entourage qui a les mêmes idées. Énergie qui dynamise le groupe.",,
maitre_maison,11,vierge,Les relations amicales sont souvent calculées plus que spontanées. Inspecteur des travaux finis pour améliorer les détails autour d'un projet. On est connu pour rendre service à ses amis. Les amitiés tournent autour de la vie professionnelle.,,
maitre_maison,11,balance,"On s'entoure d'artistes, on aime fréquenter certains milieux originaux, qui partagent l'amour de l'esthétique. Les relations amicales sont riches et denses, on aime la collaboration dans les projets et on déteste la solitude. Médiateur dans le groupe.",,
maitre_maison,11,scorpion,"Attrait pour les groupes qui partagent un attrait pour le mystique, mais on se fait aussi beaucoup d'ennemis. On peut avoir tendance à se méfier des groupes, à éviter de montrer ses points faibles. On est passionné dans les projets.",,
maitre_maison,11,sagittaire,"Goût pour les milieux sociaux aisés, en accord avec ses principes spirituels, avec un haut niveau d'étude ou multi-culturels.
Enthousiasme et engouement pour les projets, optimisme qui guide. Transmission de ses connaissances aux autres.",,
maitre_maison,11,capricorne,"Attirance pour les groupes d'amis plus âgés et matures, stabilité et fidélité dans ses amitiés. Besoin de relations profondes et pas superficielles. Pilier dans le groupe. Projets menés avec sérieux et rigueur, sens des responsabilités plus en solitaire.",,
maitre_maison,11,verseau,"Position naturelle de la 11. Amitié et vie sociale essentielles, relations originales et excentriques, voire marginales. Amitiés multiples. Amitiés encore plus importantes que les relations amoureuses. Aime se démarquer au sein du groupe.",,
maitre_maison,11,poissons,"Amitiés étranges et troublantes, qui permettent d'évoluer sur le plan spirituel. Tendance à beaucoup fusionner avec ses amis, puis à s'éloigner, engagement fluctuant. Investissement affectif dans des projets d'aide aux autres.",,
maitre_maison,12,bélier,"Les difficultés peuvent à la fois décourager ou motiver, comme un défi à relever. Les crises peuvent être soudaines mais ne durent pas, déterminisme pour les relever. La quête du Moi est difficile, l'affirmation de soi fluctuante.",,
maitre_maison,12,taureau,"Les buts matériels sont parfois délaissés. Les valeurs et l'argent entrent en conflit. Les obstacles sont franchis de manière persévérante, patiente, mais l'adaptation aux changements est difficile, on accepte mal que les choses soient éphémères.",,
maitre_maison,12,gémeaux,"On a du mal à communiquer réellement, à dire ce que l'on pense. On parle parfois dans le vide. L'enfance a pu être difficile. On reste superficiel dans son approche de la spiritualité, on essaie d'intellectualiser.",,
maitre_maison,12,cancer,"Difficultés dans la famille, relations complexes qui créent une forte sensibilité. On ressent le poids d'une hérédité, de douleurs transgénérationnelles. On est nostalgique, on se tourne vers le passé. On est passif face aux problème, ou on les fuit.",,
maitre_maison,12,lion,"L'égo est mis à mal, on se trouve peu de valeur. La susceptibilité est forte, due à un manque de confiance en soi. On peut faire preuve d'esprit combatif face aux épreuves. Motivations liées à des conflits de classe, on se contente peu de ce qu'on a.",,
maitre_maison,12,vierge,"Le sens du devoir et le travail sont difficiles. On a du mal à se donner les moyens de réussir, on aimerait garder la maîtrise mais on sent des troubles intérieurs qui perturbent. On a peur de son propre flou interne.",,
maitre_maison,12,balance,"On a tendance à devenir le spectateur de sa vie, et à jouer un rôle devant les autres. On a du mal à se trouver dans ses relations et en même temps on a en a besoin pour traverser les défis de l'existence.",,
maitre_maison,12,scorpion,"Faculté à recommencer à zéro, mais la vie intérieure est faite d'angoisses, de brouillard. On pense souvent à la mort, on a pu y être confronté jeune. Tendance à vivre des crises existentielles profondes mais transformatrices.",,
maitre_maison,12,sagittaire,"On a du mal à trouver sa place dans sa vie et dans son monde.
On ne se légitime pas à suivre ses aspirations et à réussir pleinement. On a honte de soi-même. Les idéaux sont forts et fantasmés, parfois irréalistes. On a du mal à être optimiste.",,
maitre_maison,12,capricorne,"Rébellion envers l'éducation ou l'autorité, rejet des traditions, style de vie à part. Difficultés avec le modèle transmis par sa famille. On a du mal à suivre ses ambitions. On peut s'enfermer dans beaucoup de solitude pour faire face.",,
maitre_maison,12,verseau,"Nervosité importante, manque de confiance en soi, ses projets et sur les liens que l'on noue avec les autres. L'intellect est flou, flottant, les idées irréalistes. Tendance à rêver de faire autre chose.",,
maitre_maison,12,poissons,"Position naturelle de la 12. On peut être très flottant, imaginatif, passer du temps à rêver les choses que l'on veut vraiment. On peut avoir du mal à lâcher prise, on est impressionnable. Attrait puissant pour la spiritualité, don de soi total.",,